Workbook

Sheet Tasks
A1: Task Name | B1: Owner | C1: Custom Status | D1: Associated Team | E1: Tags | F1: Start Date | G1: Due Date | H1: Duration | I1: Duration Type | J1: Priority | K1: % Completed | L1: Task Description | M1: Work hours | N1: Work Hours Per Owner | O1: Work Hours Unit | P1: Individual Work | Q1: Billing Type | R1: Task List Name | S1: Multi Select | T1: User Pick List All Users | U1: User Pick List Select Users | V1: User Pick List Select Roles | W1: Multi User Select Users | X1: Multi User All Users | Y1: Date & Time | Z1: Date | AA1: Decimal | AB1: Number | AC1: Percentage | AD1: Currency | AE1: Checkbox | AF1: Long URL | AG1: URL | AH1: Phone | AI1: Email | AJ1: Pick List | AK1: Multi-Line | AL1: Single-Line
A2: WL Oct W1 Over-allocated (1 of 2) - Vishal workload | B2: Vishal workload | C2: Open | D2: UIAutomation_Workload_TeamA | E2: wl-over | F2: 05/10/2026 | G2: 09/10/2026 | H2: 5 | I2: days | J2: High | K2: 0 | L2: Workload full coverage [Over-allocated]. Scenario: Over-allocated week, variant a: 6:00/d + 4:30/d. Expected: Vishal workload: 10:30 h/day on 5 working days (116.67% of 9 h). | M2: 30:00 | N2: 06:00 | O2: hrs/day | P2: Vishal workload-06:00 /day | Q2: Billable | R2: WL Oct 2026
A3: WL Oct W1 Over-allocated (2 of 2) - Vishal workload | B3: Vishal workload | C3: In Progress | D3: UIAutomation_Workload_TeamB | E3: wl-over | F3: 05/10/2026 | G3: 09/10/2026 | H3: 5 | I3: days | J3: Medium | K3: 10 | L3: Workload full coverage [Over-allocated]. Scenario: Over-allocated week, variant a: 6:00/d + 4:30/d. Expected: Vishal workload: 10:30 h/day on 5 working days (116.67% of 9 h). | M3: 22:30 | N3: 04:30 | O3: hrs/day | P3: Vishal workload-04:30 /day | Q3: Non Billable | R3: WL Oct 2026 | S3: A | T3: Vishal workload | U3: Vishal workload | V3: Vishal workload | W3: Vishal workload,Vishal PLAdmin | X3: Vishal workload,Vishal PLAdmin | Y3: 01/10/2026 09:30 | Z3: 01/10/2026 | AA3: 1.125 | AB3: 10 | AC3: 25.0 | AD3: 100.00 | AE3: true | AF3: https://projects.zoho.com/portal/workload/cv/1?view=all | AG3: https://www.zoho.com/projects/1 | AH3: 9876543201 | AI3: cv1@example.com | AJ3: 1 | AK3: CV multi line 1 second line | AL3: CV single line 1
A4: WL Oct W2 Optimally allocated - Vishal workload | B4: Vishal workload | C4: In Review | D4: UIAutomation_Workload_TeamB, UIAutomation_Workload_TeamA | E4: wl-optimal | F4: 12/10/2026 | G4: 16/10/2026 | H4: 5 | I4: days | J4: Low | K4: 25 | L4: Workload full coverage [Optimally allocated]. Scenario: Optimally allocated week, variant a: 9:00/d. Expected: Vishal workload: 09:00 h/day on 5 working days (100.00% of 9 h). | M4: 45:00 | N4: 09:00 | O4: hrs/day | P4: Vishal workload-09:00 /day | Q4: None | R4: WL Oct 2026 | S4: B | T4: Vishal PLAdmin | U4: Vishal PLAdmin | V4: Vishal PLAdmin | W4: Vishal PLAdmin | X4: Vishal PLAdmin | Y4: 02/10/2026 10:30 | Z4: 02/10/2026 | AA4: 2.225 | AB4: 20 | AC4: 50.0 | AD4: 200.00 | AE4: false | AF4: https://projects.zoho.com/portal/workload/cv/2?view=all | AG4: https://www.zoho.com/projects/2 | AH4: 9876543202 | AI4: cv2@example.com | AJ4: 2 | AK4: CV multi line 2 second line | AL4: CV single line 2
A5: WL Oct W3 Under-allocated - Vishal workload | B5: Vishal workload | C5: To be Tested | E5: wl-under | F5: 19/10/2026 | G5: 23/10/2026 | H5: 5 | I5: days | J5: None | K5: 50 | L5: Workload full coverage [Under-allocated]. Scenario: Under-allocated week, variant a: 4:30/d. Expected: Vishal workload: 04:30 h/day on 5 working days (50.00% of 9 h). | M5: 22:30 | N5: 04:30 | O5: hrs/day | P5: Vishal workload-04:30 /day | Q5: Billable | R5: WL Oct 2026 | S5: A,B | T5: vishal PL manager | U5: vishal PL manager | V5: vishal PL manager | W5: Vishal workload,Vishal PLAdmin | X5: Vishal workload,Vishal PLAdmin | Y5: 03/10/2026 11:30 | Z5: 03/10/2026 | AA5: 3.325 | AB5: 30 | AC5: 75.0 | AD5: 300.00 | AE5: true | AF5: https://projects.zoho.com/portal/workload/cv/3?view=all | AG5: https://www.zoho.com/projects/3 | AH5: 9876543203 | AI5: cv3@example.com | AJ5: 3 | AK5: CV multi line 3 second line | AL5: CV single line 3
A6: WL Nov W1 Optimally allocated - Vishal workload | B6: Vishal workload | C6: On Hold | D6: UIAutomation_Workload_TeamA | E6: wl-optimal | F6: 02/11/2026 | G6: 06/11/2026 | H6: 5 | I6: days | J6: High | K6: 75 | L6: Workload full coverage [Optimally allocated]. Scenario: Optimally allocated week, variant d: total 9 h/d. Expected: Vishal workload: 09:00 h/day on 5 working days (100.00% of 9 h). | M6: 45:00 | N6: 45:00 | O6: hrs | P6: Vishal workload-45:00 | Q6: Non Billable | R6: WL Nov 2026
A7: WL Nov W2 Under-allocated - Vishal workload | B7: Vishal workload | C7: Delayed | D7: UIAutomation_Workload_TeamB | E7: wl-under | F7: 09/11/2026 | G7: 13/11/2026 | H7: 5 | I7: days | J7: Medium | K7: 90 | L7: Workload full coverage [Under-allocated]. Scenario: Under-allocated week, variant d: 8:30/d. Expected: Vishal workload: 08:30 h/day on 5 working days (94.44% of 9 h). | M7: 42:30 | N7: 08:30 | O7: hrs/day | P7: Vishal workload-08:30 /day | Q7: None | R7: WL Nov 2026 | S7: A | T7: Vishal workload | U7: Vishal workload | V7: Vishal workload | W7: Vishal workload,Vishal PLAdmin | X7: Vishal workload,Vishal PLAdmin | Y7: 01/10/2026 09:30 | Z7: 01/10/2026 | AA7: 1.125 | AB7: 10 | AC7: 25.0 | AD7: 100.00 | AE7: true | AF7: https://projects.zoho.com/portal/workload/cv/1?view=all | AG7: https://www.zoho.com/projects/1 | AH7: 9876543201 | AI7: cv1@example.com | AJ7: 1 | AK7: CV multi line 1 second line | AL7: CV single line 1
A8: WL Nov W3 Unallocated - Vishal workload | B8: Vishal workload | C8: Closed | D8: UIAutomation_Workload_TeamB, UIAutomation_Workload_TeamA | E8: wl-unallocated | F8: 16/11/2026 | G8: 20/11/2026 | H8: 5 | I8: days | J8: Low | K8: 100 | L8: Workload full coverage [Unallocated]. Scenario: Unallocated week, variant d: task with 0:00. Expected: Vishal workload: 00:00 h/day on 5 working days (0.00% of 9 h). | M8: 00:00 | N8: 00:00 | O8: hrs/day | P8: Vishal workload-00:00 /day | Q8: Billable | R8: Workload CV List | S8: B | T8: Vishal PLAdmin | U8: Vishal PLAdmin | V8: Vishal PLAdmin | W8: Vishal PLAdmin | X8: Vishal PLAdmin | Y8: 02/10/2026 10:30 | Z8: 02/10/2026 | AA8: 2.225 | AB8: 20 | AC8: 50.0 | AD8: 200.00 | AE8: false | AF8: https://projects.zoho.com/portal/workload/cv/2?view=all | AG8: https://www.zoho.com/projects/2 | AH8: 9876543202 | AI8: cv2@example.com | AJ8: 2 | AK8: CV multi line 2 second line | AL8: CV single line 2
A9: WL Nov W4 Over-allocated (1 of 2) - Vishal workload | B9: Vishal workload | C9: Cancelled | E9: wl-over | F9: 23/11/2026 | G9: 27/11/2026 | H9: 5 | I9: days | J9: None | K9: 0 | L9: Workload full coverage [Over-allocated]. Scenario: Over-allocated week, variant d: 5:00/d + 50 %/d. Expected: Vishal workload: 09:30 h/day on 5 working days (105.56% of 9 h). | M9: 25:00 | N9: 05:00 | O9: hrs/day | P9: Vishal workload-05:00 /day | Q9: Non Billable | R9: WL Nov 2026 | S9: A,B | T9: vishal PL manager | U9: vishal PL manager | V9: vishal PL manager | W9: Vishal workload,Vishal PLAdmin | X9: Vishal workload,Vishal PLAdmin | Y9: 03/10/2026 11:30 | Z9: 03/10/2026 | AA9: 3.325 | AB9: 30 | AC9: 75.0 | AD9: 300.00 | AE9: true | AF9: https://projects.zoho.com/portal/workload/cv/3?view=all | AG9: https://www.zoho.com/projects/3 | AH9: 9876543203 | AI9: cv3@example.com | AJ9: 3 | AK9: CV multi line 3 second line | AL9: CV single line 3
A10: WL Nov W4 Over-allocated (2 of 2) - Vishal workload | B10: Vishal workload | C10: Open | D10: UIAutomation_Workload_TeamA | E10: wl-over | F10: 23/11/2026 | G10: 27/11/2026 | H10: 5 | I10: days | J10: High | K10: 25 | L10: Workload full coverage [Over-allocated]. Scenario: Over-allocated week, variant d: 5:00/d + 50 %/d. Expected: Vishal workload: 09:30 h/day on 5 working days (105.56% of 9 h). | M10: 22:30 | N10: 50 | O10: %/day | P10: Vishal workload-50 %/day | Q10: None | R10: WL Nov 2026
A11: WL Dec W1 Under-allocated - Vishal workload | B11: Vishal workload | C11: In Progress | D11: UIAutomation_Workload_TeamB | E11: wl-under | F11: 07/12/2026 | G11: 11/12/2026 | H11: 5 | I11: days | J11: Medium | K11: 50 | L11: Workload full coverage [Under-allocated]. Scenario: Under-allocated week, variant c: total 3 h/d. Expected: Vishal workload: 03:00 h/day on 5 working days (33.33% of 9 h). | M11: 15:00 | N11: 15:00 | O11: hrs | P11: Vishal workload-15:00 | Q11: Billable | R11: WL Dec 2026 | S11: A | T11: Vishal workload | U11: Vishal workload | V11: Vishal workload | W11: Vishal workload,Vishal PLAdmin | X11: Vishal workload,Vishal PLAdmin | Y11: 01/10/2026 09:30 | Z11: 01/10/2026 | AA11: 1.125 | AB11: 10 | AC11: 25.0 | AD11: 100.00 | AE11: true | AF11: https://projects.zoho.com/portal/workload/cv/1?view=all | AG11: https://www.zoho.com/projects/1 | AH11: 9876543201 | AI11: cv1@example.com | AJ11: 1 | AK11: CV multi line 1 second line | AL11: CV single line 1
A12: WL Dec W3 Over-allocated - Vishal workload | B12: Vishal workload | C12: In Review | D12: UIAutomation_Workload_TeamB, UIAutomation_Workload_TeamA | E12: wl-over | F12: 21/12/2026 | G12: 25/12/2026 | H12: 5 | I12: days | J12: Low | K12: 75 | L12: Workload full coverage [Over-allocated]. Scenario: Over-allocated week, variant c: total 12 h/d. Expected: Vishal workload: 12:00 h/day on 5 working days (133.33% of 9 h). | M12: 60:00 | N12: 60:00 | O12: hrs | P12: Vishal workload-60:00 | Q12: Non Billable | R12: WL Dec 2026 | S12: B | T12: Vishal PLAdmin | U12: Vishal PLAdmin | V12: Vishal PLAdmin | W12: Vishal PLAdmin | X12: Vishal PLAdmin | Y12: 02/10/2026 10:30 | Z12: 02/10/2026 | AA12: 2.225 | AB12: 20 | AC12: 50.0 | AD12: 200.00 | AE12: false | AF12: https://projects.zoho.com/portal/workload/cv/2?view=all | AG12: https://www.zoho.com/projects/2 | AH12: 9876543202 | AI12: cv2@example.com | AJ12: 2 | AK12: CV multi line 2 second line | AL12: CV single line 2
A13: WL Dec W4 Optimally allocated (1 of 2) - Vishal workload | B13: Vishal workload | C13: To be Tested | E13: wl-optimal | F13: 28/12/2026 | G13: 31/12/2026 | H13: 4 | I13: days | J13: None | K13: 90 | L13: Workload full coverage [Optimally allocated]. Scenario: Optimally allocated week, variant c: total 4.5 h/d + 4:30/d. Expected: Vishal workload: 09:00 h/day on 4 working days (100.00% of 9 h). | M13: 18:00 | N13: 18:00 | O13: hrs | P13: Vishal workload-18:00 | Q13: None | R13: WL Dec 2026 | S13: A,B | T13: vishal PL manager | U13: vishal PL manager | V13: vishal PL manager | W13: Vishal workload,Vishal PLAdmin | X13: Vishal workload,Vishal PLAdmin | Y13: 03/10/2026 11:30 | Z13: 03/10/2026 | AA13: 3.325 | AB13: 30 | AC13: 75.0 | AD13: 300.00 | AE13: true | AF13: https://projects.zoho.com/portal/workload/cv/3?view=all | AG13: https://www.zoho.com/projects/3 | AH13: 9876543203 | AI13: cv3@example.com | AJ13: 3 | AK13: CV multi line 3 second line | AL13: CV single line 3
A14: WL Dec W4 Optimally allocated (2 of 2) - Vishal workload | B14: Vishal workload | C14: On Hold | D14: UIAutomation_Workload_TeamA | E14: wl-optimal | F14: 28/12/2026 | G14: 31/12/2026 | H14: 4 | I14: days | J14: High | K14: 0 | L14: Workload full coverage [Optimally allocated]. Scenario: Optimally allocated week, variant c: total 4.5 h/d + 4:30/d. Expected: Vishal workload: 09:00 h/day on 4 working days (100.00% of 9 h). | M14: 18:00 | N14: 04:30 | O14: hrs/day | P14: Vishal workload-04:30 /day | Q14: Billable | R14: WL Dec 2026
A15: WL Oct W1 Optimally allocated - Vishal PLAdmin | B15: Vishal PLAdmin | C15: Delayed | D15: UIAutomation_Workload_TeamB | E15: wl-optimal | F15: 05/10/2026 | G15: 09/10/2026 | H15: 5 | I15: days | J15: Medium | K15: 10 | L15: Workload full coverage [Optimally allocated]. Scenario: Optimally allocated week, variant b: 100 %/d. Expected: Vishal PLAdmin: 09:00 h/day on 5 working days (100.00% of 9 h). | M15: 45:00 | N15: 100 | O15: %/day | P15: Vishal PLAdmin-100 %/day | Q15: Non Billable | R15: WL Oct 2026 | S15: A | T15: Vishal workload | U15: Vishal workload | V15: Vishal workload | W15: Vishal workload,Vishal PLAdmin | X15: Vishal workload,Vishal PLAdmin | Y15: 01/10/2026 09:30 | Z15: 01/10/2026 | AA15: 1.125 | AB15: 10 | AC15: 25.0 | AD15: 100.00 | AE15: true | AF15: https://projects.zoho.com/portal/workload/cv/1?view=all | AG15: https://www.zoho.com/projects/1 | AH15: 9876543201 | AI15: cv1@example.com | AJ15: 1 | AK15: CV multi line 1 second line | AL15: CV single line 1
A16: WL Oct W2 Under-allocated - Vishal PLAdmin | B16: Vishal PLAdmin | C16: Closed | D16: UIAutomation_Workload_TeamB, UIAutomation_Workload_TeamA | E16: wl-under | F16: 12/10/2026 | G16: 16/10/2026 | H16: 5 | I16: days | J16: Low | K16: 100 | L16: Workload full coverage [Under-allocated]. Scenario: Under-allocated week, variant b: 25 %/d. Expected: Vishal PLAdmin: 02:15 h/day on 5 working days (25.00% of 9 h). | M16: 11:15 | N16: 25 | O16: %/day | P16: Vishal PLAdmin-25 %/day | Q16: None | R16: WL Oct 2026 | S16: B | T16: Vishal PLAdmin | U16: Vishal PLAdmin | V16: Vishal PLAdmin | W16: Vishal PLAdmin | X16: Vishal PLAdmin | Y16: 02/10/2026 10:30 | Z16: 02/10/2026 | AA16: 2.225 | AB16: 20 | AC16: 50.0 | AD16: 200.00 | AE16: false | AF16: https://projects.zoho.com/portal/workload/cv/2?view=all | AG16: https://www.zoho.com/projects/2 | AH16: 9876543202 | AI16: cv2@example.com | AJ16: 2 | AK16: CV multi line 2 second line | AL16: CV single line 2
A17: WL Oct W4 Over-allocated - Vishal PLAdmin | B17: Vishal PLAdmin | C17: Cancelled | E17: wl-over | F17: 26/10/2026 | G17: 30/10/2026 | H17: 5 | I17: days | J17: None | K17: 0 | L17: Workload full coverage [Over-allocated]. Scenario: Over-allocated week, variant b: 150 %/d. Expected: Vishal PLAdmin: 13:30 h/day on 5 working days (150.00% of 9 h). | M17: 67:30 | N17: 150 | O17: %/day | P17: Vishal PLAdmin-150 %/day | Q17: Billable | R17: WL Oct 2026 | S17: A,B | T17: vishal PL manager | U17: vishal PL manager | V17: vishal PL manager | W17: Vishal workload,Vishal PLAdmin | X17: Vishal workload,Vishal PLAdmin | Y17: 03/10/2026 11:30 | Z17: 03/10/2026 | AA17: 3.325 | AB17: 30 | AC17: 75.0 | AD17: 300.00 | AE17: true | AF17: https://projects.zoho.com/portal/workload/cv/3?view=all | AG17: https://www.zoho.com/projects/3 | AH17: 9876543203 | AI17: cv3@example.com | AJ17: 3 | AK17: CV multi line 3 second line | AL17: CV single line 3
A18: WL Nov W1 Under-allocated - Vishal PLAdmin | B18: Vishal PLAdmin | C18: Open | D18: UIAutomation_Workload_TeamA | E18: wl-under | F18: 02/11/2026 | G18: 06/11/2026 | H18: 5 | I18: days | J18: High | K18: 75 | L18: Workload full coverage [Under-allocated]. Scenario: Under-allocated week, variant a: 4:30/d. Expected: Vishal PLAdmin: 04:30 h/day on 5 working days (50.00% of 9 h). | M18: 22:30 | N18: 04:30 | O18: hrs/day | P18: Vishal PLAdmin-04:30 /day | Q18: Non Billable | R18: WL Nov 2026
A19: WL Nov W3 Over-allocated (1 of 2) - Vishal PLAdmin | B19: Vishal PLAdmin | C19: In Progress | D19: UIAutomation_Workload_TeamB | E19: wl-over | F19: 16/11/2026 | G19: 20/11/2026 | H19: 5 | I19: days | J19: Medium | K19: 90 | L19: Workload full coverage [Over-allocated]. Scenario: Over-allocated week, variant a: 6:00/d + 4:30/d. Expected: Vishal PLAdmin: 10:30 h/day on 5 working days (116.67% of 9 h). | M19: 30:00 | N19: 06:00 | O19: hrs/day | P19: Vishal PLAdmin-06:00 /day | Q19: None | R19: WL Nov 2026 | S19: A | T19: Vishal workload | U19: Vishal workload | V19: Vishal workload | W19: Vishal workload,Vishal PLAdmin | X19: Vishal workload,Vishal PLAdmin | Y19: 01/10/2026 09:30 | Z19: 01/10/2026 | AA19: 1.125 | AB19: 10 | AC19: 25.0 | AD19: 100.00 | AE19: true | AF19: https://projects.zoho.com/portal/workload/cv/1?view=all | AG19: https://www.zoho.com/projects/1 | AH19: 9876543201 | AI19: cv1@example.com | AJ19: 1 | AK19: CV multi line 1 second line | AL19: CV single line 1
A20: WL Nov W3 Over-allocated (2 of 2) - Vishal PLAdmin | B20: Vishal PLAdmin | C20: In Review | D20: UIAutomation_Workload_TeamB, UIAutomation_Workload_TeamA | E20: wl-over | F20: 16/11/2026 | G20: 20/11/2026 | H20: 5 | I20: days | J20: Low | K20: 0 | L20: Workload full coverage [Over-allocated]. Scenario: Over-allocated week, variant a: 6:00/d + 4:30/d. Expected: Vishal PLAdmin: 10:30 h/day on 5 working days (116.67% of 9 h). | M20: 22:30 | N20: 04:30 | O20: hrs/day | P20: Vishal PLAdmin-04:30 /day | Q20: Billable | R20: WL Nov 2026 | S20: B | T20: Vishal PLAdmin | U20: Vishal PLAdmin | V20: Vishal PLAdmin | W20: Vishal PLAdmin | X20: Vishal PLAdmin | Y20: 02/10/2026 10:30 | Z20: 02/10/2026 | AA20: 2.225 | AB20: 20 | AC20: 50.0 | AD20: 200.00 | AE20: false | AF20: https://projects.zoho.com/portal/workload/cv/2?view=all | AG20: https://www.zoho.com/projects/2 | AH20: 9876543202 | AI20: cv2@example.com | AJ20: 2 | AK20: CV multi line 2 second line | AL20: CV single line 2
A21: WL Nov W4 Optimally allocated - Vishal PLAdmin | B21: Vishal PLAdmin | C21: To be Tested | E21: wl-optimal | F21: 23/11/2026 | G21: 27/11/2026 | H21: 5 | I21: days | J21: None | K21: 10 | L21: Workload full coverage [Optimally allocated]. Scenario: Optimally allocated week, variant a: 9:00/d. Expected: Vishal PLAdmin: 09:00 h/day on 5 working days (100.00% of 9 h). | M21: 45:00 | N21: 09:00 | O21: hrs/day | P21: Vishal PLAdmin-09:00 /day | Q21: Non Billable | R21: WL Nov 2026 | S21: A,B | T21: vishal PL manager | U21: vishal PL manager | V21: vishal PL manager | W21: Vishal workload,Vishal PLAdmin | X21: Vishal workload,Vishal PLAdmin | Y21: 03/10/2026 11:30 | Z21: 03/10/2026 | AA21: 3.325 | AB21: 30 | AC21: 75.0 | AD21: 300.00 | AE21: true | AF21: https://projects.zoho.com/portal/workload/cv/3?view=all | AG21: https://www.zoho.com/projects/3 | AH21: 9876543203 | AI21: cv3@example.com | AJ21: 3 | AK21: CV multi line 3 second line | AL21: CV single line 3
A22: WL Dec W1 Unallocated - Vishal PLAdmin | B22: Vishal PLAdmin | C22: On Hold | D22: UIAutomation_Workload_TeamA | E22: wl-unallocated | F22: 07/12/2026 | G22: 11/12/2026 | H22: 5 | I22: days | J22: High | K22: 25 | L22: Workload full coverage [Unallocated]. Scenario: Unallocated week, variant d: task with 0:00. Expected: Vishal PLAdmin: 00:00 h/day on 5 working days (0.00% of 9 h). | M22: 00:00 | N22: 00:00 | O22: hrs/day | P22: Vishal PLAdmin-00:00 /day | Q22: None | R22: Workload CV List
A23: WL Dec W2 Over-allocated (1 of 2) - Vishal PLAdmin | B23: Vishal PLAdmin | C23: Delayed | D23: UIAutomation_Workload_TeamB | E23: wl-over | F23: 14/12/2026 | G23: 18/12/2026 | H23: 5 | I23: days | J23: Medium | K23: 50 | L23: Workload full coverage [Over-allocated]. Scenario: Over-allocated week, variant d: 5:00/d + 50 %/d. Expected: Vishal PLAdmin: 09:30 h/day on 5 working days (105.56% of 9 h). | M23: 25:00 | N23: 05:00 | O23: hrs/day | P23: Vishal PLAdmin-05:00 /day | Q23: Billable | R23: WL Dec 2026 | S23: A | T23: Vishal workload | U23: Vishal workload | V23: Vishal workload | W23: Vishal workload,Vishal PLAdmin | X23: Vishal workload,Vishal PLAdmin | Y23: 01/10/2026 09:30 | Z23: 01/10/2026 | AA23: 1.125 | AB23: 10 | AC23: 25.0 | AD23: 100.00 | AE23: true | AF23: https://projects.zoho.com/portal/workload/cv/1?view=all | AG23: https://www.zoho.com/projects/1 | AH23: 9876543201 | AI23: cv1@example.com | AJ23: 1 | AK23: CV multi line 1 second line | AL23: CV single line 1
A24: WL Dec W2 Over-allocated (2 of 2) - Vishal PLAdmin | B24: Vishal PLAdmin | C24: Closed | D24: UIAutomation_Workload_TeamB, UIAutomation_Workload_TeamA | E24: wl-over | F24: 14/12/2026 | G24: 18/12/2026 | H24: 5 | I24: days | J24: Low | K24: 100 | L24: Workload full coverage [Over-allocated]. Scenario: Over-allocated week, variant d: 5:00/d + 50 %/d. Expected: Vishal PLAdmin: 09:30 h/day on 5 working days (105.56% of 9 h). | M24: 22:30 | N24: 50 | O24: %/day | P24: Vishal PLAdmin-50 %/day | Q24: Non Billable | R24: WL Dec 2026 | S24: B | T24: Vishal PLAdmin | U24: Vishal PLAdmin | V24: Vishal PLAdmin | W24: Vishal PLAdmin | X24: Vishal PLAdmin | Y24: 02/10/2026 10:30 | Z24: 02/10/2026 | AA24: 2.225 | AB24: 20 | AC24: 50.0 | AD24: 200.00 | AE24: false | AF24: https://projects.zoho.com/portal/workload/cv/2?view=all | AG24: https://www.zoho.com/projects/2 | AH24: 9876543202 | AI24: cv2@example.com | AJ24: 2 | AK24: CV multi line 2 second line | AL24: CV single line 2
A25: WL Dec W3 Optimally allocated - Vishal PLAdmin | B25: Vishal PLAdmin | C25: Cancelled | E25: wl-optimal | F25: 21/12/2026 | G25: 25/12/2026 | H25: 5 | I25: days | J25: None | K25: 0 | L25: Workload full coverage [Optimally allocated]. Scenario: Optimally allocated week, variant d: total 9 h/d. Expected: Vishal PLAdmin: 09:00 h/day on 5 working days (100.00% of 9 h). | M25: 45:00 | N25: 45:00 | O25: hrs | P25: Vishal PLAdmin-45:00 | Q25: None | R25: WL Dec 2026 | S25: A,B | T25: vishal PL manager | U25: vishal PL manager | V25: vishal PL manager | W25: Vishal workload,Vishal PLAdmin | X25: Vishal workload,Vishal PLAdmin | Y25: 03/10/2026 11:30 | Z25: 03/10/2026 | AA25: 3.325 | AB25: 30 | AC25: 75.0 | AD25: 300.00 | AE25: true | AF25: https://projects.zoho.com/portal/workload/cv/3?view=all | AG25: https://www.zoho.com/projects/3 | AH25: 9876543203 | AI25: cv3@example.com | AJ25: 3 | AK25: CV multi line 3 second line | AL25: CV single line 3
A26: WL Dec W4 Under-allocated - Vishal PLAdmin | B26: Vishal PLAdmin | C26: Open | D26: UIAutomation_Workload_TeamA | E26: wl-under | F26: 28/12/2026 | G26: 31/12/2026 | H26: 4 | I26: days | J26: High | K26: 0 | L26: Workload full coverage [Under-allocated]. Scenario: Under-allocated week, variant d: 8:30/d. Expected: Vishal PLAdmin: 08:30 h/day on 4 working days (94.44% of 9 h). | M26: 34:00 | N26: 08:30 | O26: hrs/day | P26: Vishal PLAdmin-08:30 /day | Q26: Billable | R26: WL Dec 2026
A27: WL Oct W1 Under-allocated - vishal PL manager | B27: vishal PL manager | C27: In Progress | D27: UIAutomation_Workload_TeamB | E27: wl-under | F27: 05/10/2026 | G27: 09/10/2026 | H27: 5 | I27: days | J27: Medium | K27: 10 | L27: Workload full coverage [Under-allocated]. Scenario: Under-allocated week, variant c: total 3 h/d. Expected: vishal PL manager: 03:00 h/day on 5 working days (33.33% of 9 h). | M27: 15:00 | N27: 15:00 | O27: hrs | P27: vishal PL manager-15:00 | Q27: Non Billable | R27: WL Oct 2026 | S27: A | T27: Vishal workload | U27: Vishal workload | V27: Vishal workload | W27: Vishal workload,Vishal PLAdmin | X27: Vishal workload,Vishal PLAdmin | Y27: 01/10/2026 09:30 | Z27: 01/10/2026 | AA27: 1.125 | AB27: 10 | AC27: 25.0 | AD27: 100.00 | AE27: true | AF27: https://projects.zoho.com/portal/workload/cv/1?view=all | AG27: https://www.zoho.com/projects/1 | AH27: 9876543201 | AI27: cv1@example.com | AJ27: 1 | AK27: CV multi line 1 second line | AL27: CV single line 1
A28: WL Oct W3 Over-allocated - vishal PL manager | B28: vishal PL manager | C28: In Review | D28: UIAutomation_Workload_TeamB, UIAutomation_Workload_TeamA | E28: wl-over | F28: 19/10/2026 | G28: 23/10/2026 | H28: 5 | I28: days | J28: Low | K28: 25 | L28: Workload full coverage [Over-allocated]. Scenario: Over-allocated week, variant c: total 12 h/d. Expected: vishal PL manager: 12:00 h/day on 5 working days (133.33% of 9 h). | M28: 60:00 | N28: 60:00 | O28: hrs | P28: vishal PL manager-60:00 | Q28: None | R28: WL Oct 2026 | S28: B | T28: Vishal PLAdmin | U28: Vishal PLAdmin | V28: Vishal PLAdmin | W28: Vishal PLAdmin | X28: Vishal PLAdmin | Y28: 02/10/2026 10:30 | Z28: 02/10/2026 | AA28: 2.225 | AB28: 20 | AC28: 50.0 | AD28: 200.00 | AE28: false | AF28: https://projects.zoho.com/portal/workload/cv/2?view=all | AG28: https://www.zoho.com/projects/2 | AH28: 9876543202 | AI28: cv2@example.com | AJ28: 2 | AK28: CV multi line 2 second line | AL28: CV single line 2
A29: WL Oct W4 Optimally allocated (1 of 2) - vishal PL manager | B29: vishal PL manager | C29: To be Tested | E29: wl-optimal | F29: 26/10/2026 | G29: 30/10/2026 | H29: 5 | I29: days | J29: None | K29: 50 | L29: Workload full coverage [Optimally allocated]. Scenario: Optimally allocated week, variant c: total 4.5 h/d + 4:30/d. Expected: vishal PL manager: 09:00 h/day on 5 working days (100.00% of 9 h). | M29: 22:30 | N29: 22:30 | O29: hrs | P29: vishal PL manager-22:30 | Q29: Billable | R29: WL Oct 2026 | S29: A,B | T29: vishal PL manager | U29: vishal PL manager | V29: vishal PL manager | W29: Vishal workload,Vishal PLAdmin | X29: Vishal workload,Vishal PLAdmin | Y29: 03/10/2026 11:30 | Z29: 03/10/2026 | AA29: 3.325 | AB29: 30 | AC29: 75.0 | AD29: 300.00 | AE29: true | AF29: https://projects.zoho.com/portal/workload/cv/3?view=all | AG29: https://www.zoho.com/projects/3 | AH29: 9876543203 | AI29: cv3@example.com | AJ29: 3 | AK29: CV multi line 3 second line | AL29: CV single line 3
A30: WL Oct W4 Optimally allocated (2 of 2) - vishal PL manager | B30: vishal PL manager | C30: On Hold | D30: UIAutomation_Workload_TeamA | E30: wl-optimal | F30: 26/10/2026 | G30: 30/10/2026 | H30: 5 | I30: days | J30: High | K30: 75 | L30: Workload full coverage [Optimally allocated]. Scenario: Optimally allocated week, variant c: total 4.5 h/d + 4:30/d. Expected: vishal PL manager: 09:00 h/day on 5 working days (100.00% of 9 h). | M30: 22:30 | N30: 04:30 | O30: hrs/day | P30: vishal PL manager-04:30 /day | Q30: Non Billable | R30: WL Oct 2026
A31: WL Nov W2 Over-allocated - vishal PL manager | B31: vishal PL manager | C31: Delayed | D31: UIAutomation_Workload_TeamB | E31: wl-over | F31: 09/11/2026 | G31: 13/11/2026 | H31: 5 | I31: days | J31: Medium | K31: 90 | L31: Workload full coverage [Over-allocated]. Scenario: Over-allocated week, variant b: 150 %/d. Expected: vishal PL manager: 13:30 h/day on 5 working days (150.00% of 9 h). | M31: 67:30 | N31: 150 | O31: %/day | P31: vishal PL manager-150 %/day | Q31: None | R31: WL Nov 2026 | S31: A | T31: Vishal workload | U31: Vishal workload | V31: Vishal workload | W31: Vishal workload,Vishal PLAdmin | X31: Vishal workload,Vishal PLAdmin | Y31: 01/10/2026 09:30 | Z31: 01/10/2026 | AA31: 1.125 | AB31: 10 | AC31: 25.0 | AD31: 100.00 | AE31: true | AF31: https://projects.zoho.com/portal/workload/cv/1?view=all | AG31: https://www.zoho.com/projects/1 | AH31: 9876543201 | AI31: cv1@example.com | AJ31: 1 | AK31: CV multi line 1 second line | AL31: CV single line 1
A32: WL Nov W3 Optimally allocated - vishal PL manager | B32: vishal PL manager | C32: Closed | D32: UIAutomation_Workload_TeamB, UIAutomation_Workload_TeamA | E32: wl-optimal | F32: 16/11/2026 | G32: 20/11/2026 | H32: 5 | I32: days | J32: Low | K32: 100 | L32: Workload full coverage [Optimally allocated]. Scenario: Optimally allocated week, variant b: 100 %/d. Expected: vishal PL manager: 09:00 h/day on 5 working days (100.00% of 9 h). | M32: 45:00 | N32: 100 | O32: %/day | P32: vishal PL manager-100 %/day | Q32: Billable | R32: WL Nov 2026 | S32: B | T32: Vishal PLAdmin | U32: Vishal PLAdmin | V32: Vishal PLAdmin | W32: Vishal PLAdmin | X32: Vishal PLAdmin | Y32: 02/10/2026 10:30 | Z32: 02/10/2026 | AA32: 2.225 | AB32: 20 | AC32: 50.0 | AD32: 200.00 | AE32: false | AF32: https://projects.zoho.com/portal/workload/cv/2?view=all | AG32: https://www.zoho.com/projects/2 | AH32: 9876543202 | AI32: cv2@example.com | AJ32: 2 | AK32: CV multi line 2 second line | AL32: CV single line 2
A33: WL Nov W4 Under-allocated - vishal PL manager | B33: vishal PL manager | C33: Cancelled | E33: wl-under | F33: 23/11/2026 | G33: 27/11/2026 | H33: 5 | I33: days | J33: None | K33: 0 | L33: Workload full coverage [Under-allocated]. Scenario: Under-allocated week, variant b: 25 %/d. Expected: vishal PL manager: 02:15 h/day on 5 working days (25.00% of 9 h). | M33: 11:15 | N33: 25 | O33: %/day | P33: vishal PL manager-25 %/day | Q33: Non Billable | R33: WL Nov 2026 | S33: A,B | T33: vishal PL manager | U33: vishal PL manager | V33: vishal PL manager | W33: Vishal workload,Vishal PLAdmin | X33: Vishal workload,Vishal PLAdmin | Y33: 03/10/2026 11:30 | Z33: 03/10/2026 | AA33: 3.325 | AB33: 30 | AC33: 75.0 | AD33: 300.00 | AE33: true | AF33: https://projects.zoho.com/portal/workload/cv/3?view=all | AG33: https://www.zoho.com/projects/3 | AH33: 9876543203 | AI33: cv3@example.com | AJ33: 3 | AK33: CV multi line 3 second line | AL33: CV single line 3
A34: WL Dec W1 Over-allocated (1 of 2) - vishal PL manager | B34: vishal PL manager | C34: Open | D34: UIAutomation_Workload_TeamA | E34: wl-over | F34: 07/12/2026 | G34: 11/12/2026 | H34: 5 | I34: days | J34: High | K34: 25 | L34: Workload full coverage [Over-allocated]. Scenario: Over-allocated week, variant a: 6:00/d + 4:30/d. Expected: vishal PL manager: 10:30 h/day on 5 working days (116.67% of 9 h). | M34: 30:00 | N34: 06:00 | O34: hrs/day | P34: vishal PL manager-06:00 /day | Q34: None | R34: WL Dec 2026
A35: WL Dec W1 Over-allocated (2 of 2) - vishal PL manager | B35: vishal PL manager | C35: In Progress | D35: UIAutomation_Workload_TeamB | E35: wl-over | F35: 07/12/2026 | G35: 11/12/2026 | H35: 5 | I35: days | J35: Medium | K35: 50 | L35: Workload full coverage [Over-allocated]. Scenario: Over-allocated week, variant a: 6:00/d + 4:30/d. Expected: vishal PL manager: 10:30 h/day on 5 working days (116.67% of 9 h). | M35: 22:30 | N35: 04:30 | O35: hrs/day | P35: vishal PL manager-04:30 /day | Q35: Billable | R35: WL Dec 2026 | S35: A | T35: Vishal workload | U35: Vishal workload | V35: Vishal workload | W35: Vishal workload,Vishal PLAdmin | X35: Vishal workload,Vishal PLAdmin | Y35: 01/10/2026 09:30 | Z35: 01/10/2026 | AA35: 1.125 | AB35: 10 | AC35: 25.0 | AD35: 100.00 | AE35: true | AF35: https://projects.zoho.com/portal/workload/cv/1?view=all | AG35: https://www.zoho.com/projects/1 | AH35: 9876543201 | AI35: cv1@example.com | AJ35: 1 | AK35: CV multi line 1 second line | AL35: CV single line 1
A36: WL Dec W2 Optimally allocated - vishal PL manager | B36: vishal PL manager | C36: In Review | D36: UIAutomation_Workload_TeamB, UIAutomation_Workload_TeamA | E36: wl-optimal | F36: 14/12/2026 | G36: 18/12/2026 | H36: 5 | I36: days | J36: Low | K36: 75 | L36: Workload full coverage [Optimally allocated]. Scenario: Optimally allocated week, variant a: 9:00/d. Expected: vishal PL manager: 09:00 h/day on 5 working days (100.00% of 9 h). | M36: 45:00 | N36: 09:00 | O36: hrs/day | P36: vishal PL manager-09:00 /day | Q36: Non Billable | R36: WL Dec 2026 | S36: B | T36: Vishal PLAdmin | U36: Vishal PLAdmin | V36: Vishal PLAdmin | W36: Vishal PLAdmin | X36: Vishal PLAdmin | Y36: 02/10/2026 10:30 | Z36: 02/10/2026 | AA36: 2.225 | AB36: 20 | AC36: 50.0 | AD36: 200.00 | AE36: false | AF36: https://projects.zoho.com/portal/workload/cv/2?view=all | AG36: https://www.zoho.com/projects/2 | AH36: 9876543202 | AI36: cv2@example.com | AJ36: 2 | AK36: CV multi line 2 second line | AL36: CV single line 2
A37: WL Dec W3 Under-allocated - vishal PL manager | B37: vishal PL manager | C37: To be Tested | E37: wl-under | F37: 21/12/2026 | G37: 25/12/2026 | H37: 5 | I37: days | J37: None | K37: 90 | L37: Workload full coverage [Under-allocated]. Scenario: Under-allocated week, variant a: 4:30/d. Expected: vishal PL manager: 04:30 h/day on 5 working days (50.00% of 9 h). | M37: 22:30 | N37: 04:30 | O37: hrs/day | P37: vishal PL manager-04:30 /day | Q37: None | R37: WL Dec 2026 | S37: A,B | T37: vishal PL manager | U37: vishal PL manager | V37: vishal PL manager | W37: Vishal workload,Vishal PLAdmin | X37: Vishal workload,Vishal PLAdmin | Y37: 03/10/2026 11:30 | Z37: 03/10/2026 | AA37: 3.325 | AB37: 30 | AC37: 75.0 | AD37: 300.00 | AE37: true | AF37: https://projects.zoho.com/portal/workload/cv/3?view=all | AG37: https://www.zoho.com/projects/3 | AH37: 9876543203 | AI37: cv3@example.com | AJ37: 3 | AK37: CV multi line 3 second line | AL37: CV single line 3
A38: WL Oct W1 Unallocated - Vishal plemployee | B38: Vishal plemployee | C38: On Hold | D38: UIAutomation_Workload_TeamA | E38: wl-unallocated | F38: 05/10/2026 | G38: 09/10/2026 | H38: 5 | I38: days | J38: High | K38: 0 | L38: Workload full coverage [Unallocated]. Scenario: Unallocated week, variant d: task with 0:00. Expected: Vishal plemployee: 00:00 h/day on 5 working days (0.00% of 9 h). | M38: 00:00 | N38: 00:00 | O38: hrs/day | P38: Vishal plemployee-00:00 /day | Q38: Billable | R38: Workload CV List
A39: WL Oct W2 Over-allocated (1 of 2) - Vishal plemployee | B39: Vishal plemployee | C39: Delayed | D39: UIAutomation_Workload_TeamB | E39: wl-over | F39: 12/10/2026 | G39: 16/10/2026 | H39: 5 | I39: days | J39: Medium | K39: 10 | L39: Workload full coverage [Over-allocated]. Scenario: Over-allocated week, variant d: 5:00/d + 50 %/d. Expected: Vishal plemployee: 09:30 h/day on 5 working days (105.56% of 9 h). | M39: 25:00 | N39: 05:00 | O39: hrs/day | P39: Vishal plemployee-05:00 /day | Q39: Non Billable | R39: WL Oct 2026 | S39: A | T39: Vishal workload | U39: Vishal workload | V39: Vishal workload | W39: Vishal workload,Vishal PLAdmin | X39: Vishal workload,Vishal PLAdmin | Y39: 01/10/2026 09:30 | Z39: 01/10/2026 | AA39: 1.125 | AB39: 10 | AC39: 25.0 | AD39: 100.00 | AE39: true | AF39: https://projects.zoho.com/portal/workload/cv/1?view=all | AG39: https://www.zoho.com/projects/1 | AH39: 9876543201 | AI39: cv1@example.com | AJ39: 1 | AK39: CV multi line 1 second line | AL39: CV single line 1
A40: WL Oct W2 Over-allocated (2 of 2) - Vishal plemployee | B40: Vishal plemployee | C40: Closed | D40: UIAutomation_Workload_TeamB, UIAutomation_Workload_TeamA | E40: wl-over | F40: 12/10/2026 | G40: 16/10/2026 | H40: 5 | I40: days | J40: Low | K40: 100 | L40: Workload full coverage [Over-allocated]. Scenario: Over-allocated week, variant d: 5:00/d + 50 %/d. Expected: Vishal plemployee: 09:30 h/day on 5 working days (105.56% of 9 h). | M40: 22:30 | N40: 50 | O40: %/day | P40: Vishal plemployee-50 %/day | Q40: None | R40: WL Oct 2026 | S40: B | T40: Vishal PLAdmin | U40: Vishal PLAdmin | V40: Vishal PLAdmin | W40: Vishal PLAdmin | X40: Vishal PLAdmin | Y40: 02/10/2026 10:30 | Z40: 02/10/2026 | AA40: 2.225 | AB40: 20 | AC40: 50.0 | AD40: 200.00 | AE40: false | AF40: https://projects.zoho.com/portal/workload/cv/2?view=all | AG40: https://www.zoho.com/projects/2 | AH40: 9876543202 | AI40: cv2@example.com | AJ40: 2 | AK40: CV multi line 2 second line | AL40: CV single line 2
A41: WL Oct W3 Optimally allocated - Vishal plemployee | B41: Vishal plemployee | C41: Cancelled | E41: wl-optimal | F41: 19/10/2026 | G41: 23/10/2026 | H41: 5 | I41: days | J41: None | K41: 0 | L41: Workload full coverage [Optimally allocated]. Scenario: Optimally allocated week, variant d: total 9 h/d. Expected: Vishal plemployee: 09:00 h/day on 5 working days (100.00% of 9 h). | M41: 45:00 | N41: 45:00 | O41: hrs | P41: Vishal plemployee-45:00 | Q41: Billable | R41: WL Oct 2026 | S41: A,B | T41: vishal PL manager | U41: vishal PL manager | V41: vishal PL manager | W41: Vishal workload,Vishal PLAdmin | X41: Vishal workload,Vishal PLAdmin | Y41: 03/10/2026 11:30 | Z41: 03/10/2026 | AA41: 3.325 | AB41: 30 | AC41: 75.0 | AD41: 300.00 | AE41: true | AF41: https://projects.zoho.com/portal/workload/cv/3?view=all | AG41: https://www.zoho.com/projects/3 | AH41: 9876543203 | AI41: cv3@example.com | AJ41: 3 | AK41: CV multi line 3 second line | AL41: CV single line 3
A42: WL Oct W4 Under-allocated - Vishal plemployee | B42: Vishal plemployee | C42: Open | D42: UIAutomation_Workload_TeamA | E42: wl-under | F42: 26/10/2026 | G42: 30/10/2026 | H42: 5 | I42: days | J42: High | K42: 75 | L42: Workload full coverage [Under-allocated]. Scenario: Under-allocated week, variant d: 8:30/d. Expected: Vishal plemployee: 08:30 h/day on 5 working days (94.44% of 9 h). | M42: 42:30 | N42: 08:30 | O42: hrs/day | P42: Vishal plemployee-08:30 /day | Q42: Non Billable | R42: WL Oct 2026
A43: WL Nov W1 Over-allocated - Vishal plemployee | B43: Vishal plemployee | C43: In Progress | D43: UIAutomation_Workload_TeamB | E43: wl-over | F43: 02/11/2026 | G43: 06/11/2026 | H43: 5 | I43: days | J43: Medium | K43: 90 | L43: Workload full coverage [Over-allocated]. Scenario: Over-allocated week, variant c: total 12 h/d. Expected: Vishal plemployee: 12:00 h/day on 5 working days (133.33% of 9 h). | M43: 60:00 | N43: 60:00 | O43: hrs | P43: Vishal plemployee-60:00 | Q43: None | R43: WL Nov 2026 | S43: A | T43: Vishal workload | U43: Vishal workload | V43: Vishal workload | W43: Vishal workload,Vishal PLAdmin | X43: Vishal workload,Vishal PLAdmin | Y43: 01/10/2026 09:30 | Z43: 01/10/2026 | AA43: 1.125 | AB43: 10 | AC43: 25.0 | AD43: 100.00 | AE43: true | AF43: https://projects.zoho.com/portal/workload/cv/1?view=all | AG43: https://www.zoho.com/projects/1 | AH43: 9876543201 | AI43: cv1@example.com | AJ43: 1 | AK43: CV multi line 1 second line | AL43: CV single line 1
A44: WL Nov W2 Optimally allocated (1 of 2) - Vishal plemployee | B44: Vishal plemployee | C44: In Review | D44: UIAutomation_Workload_TeamB, UIAutomation_Workload_TeamA | E44: wl-optimal | F44: 09/11/2026 | G44: 13/11/2026 | H44: 5 | I44: days | J44: Low | K44: 0 | L44: Workload full coverage [Optimally allocated]. Scenario: Optimally allocated week, variant c: total 4.5 h/d + 4:30/d. Expected: Vishal plemployee: 09:00 h/day on 5 working days (100.00% of 9 h). | M44: 22:30 | N44: 22:30 | O44: hrs | P44: Vishal plemployee-22:30 | Q44: Billable | R44: WL Nov 2026 | S44: B | T44: Vishal PLAdmin | U44: Vishal PLAdmin | V44: Vishal PLAdmin | W44: Vishal PLAdmin | X44: Vishal PLAdmin | Y44: 02/10/2026 10:30 | Z44: 02/10/2026 | AA44: 2.225 | AB44: 20 | AC44: 50.0 | AD44: 200.00 | AE44: false | AF44: https://projects.zoho.com/portal/workload/cv/2?view=all | AG44: https://www.zoho.com/projects/2 | AH44: 9876543202 | AI44: cv2@example.com | AJ44: 2 | AK44: CV multi line 2 second line | AL44: CV single line 2
A45: WL Nov W2 Optimally allocated (2 of 2) - Vishal plemployee | B45: Vishal plemployee | C45: To be Tested | E45: wl-optimal | F45: 09/11/2026 | G45: 13/11/2026 | H45: 5 | I45: days | J45: None | K45: 10 | L45: Workload full coverage [Optimally allocated]. Scenario: Optimally allocated week, variant c: total 4.5 h/d + 4:30/d. Expected: Vishal plemployee: 09:00 h/day on 5 working days (100.00% of 9 h). | M45: 22:30 | N45: 04:30 | O45: hrs/day | P45: Vishal plemployee-04:30 /day | Q45: Non Billable | R45: WL Nov 2026 | S45: A,B | T45: vishal PL manager | U45: vishal PL manager | V45: vishal PL manager | W45: Vishal workload,Vishal PLAdmin | X45: Vishal workload,Vishal PLAdmin | Y45: 03/10/2026 11:30 | Z45: 03/10/2026 | AA45: 3.325 | AB45: 30 | AC45: 75.0 | AD45: 300.00 | AE45: true | AF45: https://projects.zoho.com/portal/workload/cv/3?view=all | AG45: https://www.zoho.com/projects/3 | AH45: 9876543203 | AI45: cv3@example.com | AJ45: 3 | AK45: CV multi line 3 second line | AL45: CV single line 3
A46: WL Nov W3 Under-allocated - Vishal plemployee | B46: Vishal plemployee | C46: On Hold | D46: UIAutomation_Workload_TeamA | E46: wl-under | F46: 16/11/2026 | G46: 20/11/2026 | H46: 5 | I46: days | J46: High | K46: 25 | L46: Workload full coverage [Under-allocated]. Scenario: Under-allocated week, variant c: total 3 h/d. Expected: Vishal plemployee: 03:00 h/day on 5 working days (33.33% of 9 h). | M46: 15:00 | N46: 15:00 | O46: hrs | P46: Vishal plemployee-15:00 | Q46: None | R46: WL Nov 2026
A47: WL Dec W1 Optimally allocated - Vishal plemployee | B47: Vishal plemployee | C47: Delayed | D47: UIAutomation_Workload_TeamB | E47: wl-optimal | F47: 07/12/2026 | G47: 11/12/2026 | H47: 5 | I47: days | J47: Medium | K47: 50 | L47: Workload full coverage [Optimally allocated]. Scenario: Optimally allocated week, variant b: 100 %/d. Expected: Vishal plemployee: 09:00 h/day on 5 working days (100.00% of 9 h). | M47: 45:00 | N47: 100 | O47: %/day | P47: Vishal plemployee-100 %/day | Q47: Billable | R47: WL Dec 2026 | S47: A | T47: Vishal workload | U47: Vishal workload | V47: Vishal workload | W47: Vishal workload,Vishal PLAdmin | X47: Vishal workload,Vishal PLAdmin | Y47: 01/10/2026 09:30 | Z47: 01/10/2026 | AA47: 1.125 | AB47: 10 | AC47: 25.0 | AD47: 100.00 | AE47: true | AF47: https://projects.zoho.com/portal/workload/cv/1?view=all | AG47: https://www.zoho.com/projects/1 | AH47: 9876543201 | AI47: cv1@example.com | AJ47: 1 | AK47: CV multi line 1 second line | AL47: CV single line 1
A48: WL Dec W2 Under-allocated - Vishal plemployee | B48: Vishal plemployee | C48: Closed | D48: UIAutomation_Workload_TeamB, UIAutomation_Workload_TeamA | E48: wl-under | F48: 14/12/2026 | G48: 18/12/2026 | H48: 5 | I48: days | J48: Low | K48: 100 | L48: Workload full coverage [Under-allocated]. Scenario: Under-allocated week, variant b: 25 %/d. Expected: Vishal plemployee: 02:15 h/day on 5 working days (25.00% of 9 h). | M48: 11:15 | N48: 25 | O48: %/day | P48: Vishal plemployee-25 %/day | Q48: Non Billable | R48: WL Dec 2026 | S48: B | T48: Vishal PLAdmin | U48: Vishal PLAdmin | V48: Vishal PLAdmin | W48: Vishal PLAdmin | X48: Vishal PLAdmin | Y48: 02/10/2026 10:30 | Z48: 02/10/2026 | AA48: 2.225 | AB48: 20 | AC48: 50.0 | AD48: 200.00 | AE48: false | AF48: https://projects.zoho.com/portal/workload/cv/2?view=all | AG48: https://www.zoho.com/projects/2 | AH48: 9876543202 | AI48: cv2@example.com | AJ48: 2 | AK48: CV multi line 2 second line | AL48: CV single line 2
A49: WL Dec W4 Over-allocated - Vishal plemployee | B49: Vishal plemployee | C49: Cancelled | E49: wl-over | F49: 28/12/2026 | G49: 31/12/2026 | H49: 4 | I49: days | J49: None | K49: 0 | L49: Workload full coverage [Over-allocated]. Scenario: Over-allocated week, variant b: 150 %/d. Expected: Vishal plemployee: 13:30 h/day on 4 working days (150.00% of 9 h). | M49: 54:00 | N49: 150 | O49: %/day | P49: Vishal plemployee-150 %/day | Q49: None | R49: WL Dec 2026 | S49: A,B | T49: vishal PL manager | U49: vishal PL manager | V49: vishal PL manager | W49: Vishal workload,Vishal PLAdmin | X49: Vishal workload,Vishal PLAdmin | Y49: 03/10/2026 11:30 | Z49: 03/10/2026 | AA49: 3.325 | AB49: 30 | AC49: 75.0 | AD49: 300.00 | AE49: true | AF49: https://projects.zoho.com/portal/workload/cv/3?view=all | AG49: https://www.zoho.com/projects/3 | AH49: 9876543203 | AI49: cv3@example.com | AJ49: 3 | AK49: CV multi line 3 second line | AL49: CV single line 3
A50: WL Oct W1 Over-allocated (1 of 2) - Vishal plreadonly | B50: Vishal plreadonly | C50: Open | D50: UIAutomation_Workload_TeamA | E50: wl-over | F50: 05/10/2026 | G50: 09/10/2026 | H50: 5 | I50: days | J50: High | K50: 0 | L50: Workload full coverage [Over-allocated]. Scenario: Over-allocated week, variant a: 6:00/d + 4:30/d. Expected: Vishal plreadonly: 10:30 h/day on 5 working days (116.67% of 9 h). | M50: 30:00 | N50: 06:00 | O50: hrs/day | P50: Vishal plreadonly-06:00 /day | Q50: Billable | R50: WL Oct 2026
A51: WL Oct W1 Over-allocated (2 of 2) - Vishal plreadonly | B51: Vishal plreadonly | C51: In Progress | D51: UIAutomation_Workload_TeamB | E51: wl-over | F51: 05/10/2026 | G51: 09/10/2026 | H51: 5 | I51: days | J51: Medium | K51: 10 | L51: Workload full coverage [Over-allocated]. Scenario: Over-allocated week, variant a: 6:00/d + 4:30/d. Expected: Vishal plreadonly: 10:30 h/day on 5 working days (116.67% of 9 h). | M51: 22:30 | N51: 04:30 | O51: hrs/day | P51: Vishal plreadonly-04:30 /day | Q51: Non Billable | R51: WL Oct 2026 | S51: A | T51: Vishal workload | U51: Vishal workload | V51: Vishal workload | W51: Vishal workload,Vishal PLAdmin | X51: Vishal workload,Vishal PLAdmin | Y51: 01/10/2026 09:30 | Z51: 01/10/2026 | AA51: 1.125 | AB51: 10 | AC51: 25.0 | AD51: 100.00 | AE51: true | AF51: https://projects.zoho.com/portal/workload/cv/1?view=all | AG51: https://www.zoho.com/projects/1 | AH51: 9876543201 | AI51: cv1@example.com | AJ51: 1 | AK51: CV multi line 1 second line | AL51: CV single line 1
A52: WL Oct W2 Optimally allocated - Vishal plreadonly | B52: Vishal plreadonly | C52: In Review | D52: UIAutomation_Workload_TeamB, UIAutomation_Workload_TeamA | E52: wl-optimal | F52: 12/10/2026 | G52: 16/10/2026 | H52: 5 | I52: days | J52: Low | K52: 25 | L52: Workload full coverage [Optimally allocated]. Scenario: Optimally allocated week, variant a: 9:00/d. Expected: Vishal plreadonly: 09:00 h/day on 5 working days (100.00% of 9 h). | M52: 45:00 | N52: 09:00 | O52: hrs/day | P52: Vishal plreadonly-09:00 /day | Q52: None | R52: WL Oct 2026 | S52: B | T52: Vishal PLAdmin | U52: Vishal PLAdmin | V52: Vishal PLAdmin | W52: Vishal PLAdmin | X52: Vishal PLAdmin | Y52: 02/10/2026 10:30 | Z52: 02/10/2026 | AA52: 2.225 | AB52: 20 | AC52: 50.0 | AD52: 200.00 | AE52: false | AF52: https://projects.zoho.com/portal/workload/cv/2?view=all | AG52: https://www.zoho.com/projects/2 | AH52: 9876543202 | AI52: cv2@example.com | AJ52: 2 | AK52: CV multi line 2 second line | AL52: CV single line 2
A53: WL Oct W3 Under-allocated - Vishal plreadonly | B53: Vishal plreadonly | C53: To be Tested | E53: wl-under | F53: 19/10/2026 | G53: 23/10/2026 | H53: 5 | I53: days | J53: None | K53: 50 | L53: Workload full coverage [Under-allocated]. Scenario: Under-allocated week, variant a: 4:30/d. Expected: Vishal plreadonly: 04:30 h/day on 5 working days (50.00% of 9 h). | M53: 22:30 | N53: 04:30 | O53: hrs/day | P53: Vishal plreadonly-04:30 /day | Q53: Billable | R53: WL Oct 2026 | S53: A,B | T53: vishal PL manager | U53: vishal PL manager | V53: vishal PL manager | W53: Vishal workload,Vishal PLAdmin | X53: Vishal workload,Vishal PLAdmin | Y53: 03/10/2026 11:30 | Z53: 03/10/2026 | AA53: 3.325 | AB53: 30 | AC53: 75.0 | AD53: 300.00 | AE53: true | AF53: https://projects.zoho.com/portal/workload/cv/3?view=all | AG53: https://www.zoho.com/projects/3 | AH53: 9876543203 | AI53: cv3@example.com | AJ53: 3 | AK53: CV multi line 3 second line | AL53: CV single line 3
A54: WL Nov W1 Optimally allocated - Vishal plreadonly | B54: Vishal plreadonly | C54: On Hold | D54: UIAutomation_Workload_TeamA | E54: wl-optimal | F54: 02/11/2026 | G54: 06/11/2026 | H54: 5 | I54: days | J54: High | K54: 75 | L54: Workload full coverage [Optimally allocated]. Scenario: Optimally allocated week, variant d: total 9 h/d. Expected: Vishal plreadonly: 09:00 h/day on 5 working days (100.00% of 9 h). | M54: 45:00 | N54: 45:00 | O54: hrs | P54: Vishal plreadonly-45:00 | Q54: Non Billable | R54: WL Nov 2026
A55: WL Nov W2 Under-allocated - Vishal plreadonly | B55: Vishal plreadonly | C55: Delayed | D55: UIAutomation_Workload_TeamB | E55: wl-under | F55: 09/11/2026 | G55: 13/11/2026 | H55: 5 | I55: days | J55: Medium | K55: 90 | L55: Workload full coverage [Under-allocated]. Scenario: Under-allocated week, variant d: 8:30/d. Expected: Vishal plreadonly: 08:30 h/day on 5 working days (94.44% of 9 h). | M55: 42:30 | N55: 08:30 | O55: hrs/day | P55: Vishal plreadonly-08:30 /day | Q55: None | R55: WL Nov 2026 | S55: A | T55: Vishal workload | U55: Vishal workload | V55: Vishal workload | W55: Vishal workload,Vishal PLAdmin | X55: Vishal workload,Vishal PLAdmin | Y55: 01/10/2026 09:30 | Z55: 01/10/2026 | AA55: 1.125 | AB55: 10 | AC55: 25.0 | AD55: 100.00 | AE55: true | AF55: https://projects.zoho.com/portal/workload/cv/1?view=all | AG55: https://www.zoho.com/projects/1 | AH55: 9876543201 | AI55: cv1@example.com | AJ55: 1 | AK55: CV multi line 1 second line | AL55: CV single line 1
A56: WL Nov W3 Unallocated - Vishal plreadonly | B56: Vishal plreadonly | C56: Closed | D56: UIAutomation_Workload_TeamB, UIAutomation_Workload_TeamA | E56: wl-unallocated | F56: 16/11/2026 | G56: 20/11/2026 | H56: 5 | I56: days | J56: Low | K56: 100 | L56: Workload full coverage [Unallocated]. Scenario: Unallocated week, variant d: task with 0:00. Expected: Vishal plreadonly: 00:00 h/day on 5 working days (0.00% of 9 h). | M56: 00:00 | N56: 00:00 | O56: hrs/day | P56: Vishal plreadonly-00:00 /day | Q56: Billable | R56: Workload CV List | S56: B | T56: Vishal PLAdmin | U56: Vishal PLAdmin | V56: Vishal PLAdmin | W56: Vishal PLAdmin | X56: Vishal PLAdmin | Y56: 02/10/2026 10:30 | Z56: 02/10/2026 | AA56: 2.225 | AB56: 20 | AC56: 50.0 | AD56: 200.00 | AE56: false | AF56: https://projects.zoho.com/portal/workload/cv/2?view=all | AG56: https://www.zoho.com/projects/2 | AH56: 9876543202 | AI56: cv2@example.com | AJ56: 2 | AK56: CV multi line 2 second line | AL56: CV single line 2
A57: WL Nov W4 Over-allocated (1 of 2) - Vishal plreadonly | B57: Vishal plreadonly | C57: Cancelled | E57: wl-over | F57: 23/11/2026 | G57: 27/11/2026 | H57: 5 | I57: days | J57: None | K57: 0 | L57: Workload full coverage [Over-allocated]. Scenario: Over-allocated week, variant d: 5:00/d + 50 %/d. Expected: Vishal plreadonly: 09:30 h/day on 5 working days (105.56% of 9 h). | M57: 25:00 | N57: 05:00 | O57: hrs/day | P57: Vishal plreadonly-05:00 /day | Q57: Non Billable | R57: WL Nov 2026 | S57: A,B | T57: vishal PL manager | U57: vishal PL manager | V57: vishal PL manager | W57: Vishal workload,Vishal PLAdmin | X57: Vishal workload,Vishal PLAdmin | Y57: 03/10/2026 11:30 | Z57: 03/10/2026 | AA57: 3.325 | AB57: 30 | AC57: 75.0 | AD57: 300.00 | AE57: true | AF57: https://projects.zoho.com/portal/workload/cv/3?view=all | AG57: https://www.zoho.com/projects/3 | AH57: 9876543203 | AI57: cv3@example.com | AJ57: 3 | AK57: CV multi line 3 second line | AL57: CV single line 3
A58: WL Nov W4 Over-allocated (2 of 2) - Vishal plreadonly | B58: Vishal plreadonly | C58: Open | D58: UIAutomation_Workload_TeamA | E58: wl-over | F58: 23/11/2026 | G58: 27/11/2026 | H58: 5 | I58: days | J58: High | K58: 25 | L58: Workload full coverage [Over-allocated]. Scenario: Over-allocated week, variant d: 5:00/d + 50 %/d. Expected: Vishal plreadonly: 09:30 h/day on 5 working days (105.56% of 9 h). | M58: 22:30 | N58: 50 | O58: %/day | P58: Vishal plreadonly-50 %/day | Q58: None | R58: WL Nov 2026
A59: WL Dec W1 Under-allocated - Vishal plreadonly | B59: Vishal plreadonly | C59: In Progress | D59: UIAutomation_Workload_TeamB | E59: wl-under | F59: 07/12/2026 | G59: 11/12/2026 | H59: 5 | I59: days | J59: Medium | K59: 50 | L59: Workload full coverage [Under-allocated]. Scenario: Under-allocated week, variant c: total 3 h/d. Expected: Vishal plreadonly: 03:00 h/day on 5 working days (33.33% of 9 h). | M59: 15:00 | N59: 15:00 | O59: hrs | P59: Vishal plreadonly-15:00 | Q59: Billable | R59: WL Dec 2026 | S59: A | T59: Vishal workload | U59: Vishal workload | V59: Vishal workload | W59: Vishal workload,Vishal PLAdmin | X59: Vishal workload,Vishal PLAdmin | Y59: 01/10/2026 09:30 | Z59: 01/10/2026 | AA59: 1.125 | AB59: 10 | AC59: 25.0 | AD59: 100.00 | AE59: true | AF59: https://projects.zoho.com/portal/workload/cv/1?view=all | AG59: https://www.zoho.com/projects/1 | AH59: 9876543201 | AI59: cv1@example.com | AJ59: 1 | AK59: CV multi line 1 second line | AL59: CV single line 1
A60: WL Dec W3 Over-allocated - Vishal plreadonly | B60: Vishal plreadonly | C60: In Review | D60: UIAutomation_Workload_TeamB, UIAutomation_Workload_TeamA | E60: wl-over | F60: 21/12/2026 | G60: 25/12/2026 | H60: 5 | I60: days | J60: Low | K60: 75 | L60: Workload full coverage [Over-allocated]. Scenario: Over-allocated week, variant c: total 12 h/d. Expected: Vishal plreadonly: 12:00 h/day on 5 working days (133.33% of 9 h). | M60: 60:00 | N60: 60:00 | O60: hrs | P60: Vishal plreadonly-60:00 | Q60: Non Billable | R60: WL Dec 2026 | S60: B | T60: Vishal PLAdmin | U60: Vishal PLAdmin | V60: Vishal PLAdmin | W60: Vishal PLAdmin | X60: Vishal PLAdmin | Y60: 02/10/2026 10:30 | Z60: 02/10/2026 | AA60: 2.225 | AB60: 20 | AC60: 50.0 | AD60: 200.00 | AE60: false | AF60: https://projects.zoho.com/portal/workload/cv/2?view=all | AG60: https://www.zoho.com/projects/2 | AH60: 9876543202 | AI60: cv2@example.com | AJ60: 2 | AK60: CV multi line 2 second line | AL60: CV single line 2
A61: WL Dec W4 Optimally allocated (1 of 2) - Vishal plreadonly | B61: Vishal plreadonly | C61: To be Tested | E61: wl-optimal | F61: 28/12/2026 | G61: 31/12/2026 | H61: 4 | I61: days | J61: None | K61: 90 | L61: Workload full coverage [Optimally allocated]. Scenario: Optimally allocated week, variant c: total 4.5 h/d + 4:30/d. Expected: Vishal plreadonly: 09:00 h/day on 4 working days (100.00% of 9 h). | M61: 18:00 | N61: 18:00 | O61: hrs | P61: Vishal plreadonly-18:00 | Q61: None | R61: WL Dec 2026 | S61: A,B | T61: vishal PL manager | U61: vishal PL manager | V61: vishal PL manager | W61: Vishal workload,Vishal PLAdmin | X61: Vishal workload,Vishal PLAdmin | Y61: 03/10/2026 11:30 | Z61: 03/10/2026 | AA61: 3.325 | AB61: 30 | AC61: 75.0 | AD61: 300.00 | AE61: true | AF61: https://projects.zoho.com/portal/workload/cv/3?view=all | AG61: https://www.zoho.com/projects/3 | AH61: 9876543203 | AI61: cv3@example.com | AJ61: 3 | AK61: CV multi line 3 second line | AL61: CV single line 3
A62: WL Dec W4 Optimally allocated (2 of 2) - Vishal plreadonly | B62: Vishal plreadonly | C62: On Hold | D62: UIAutomation_Workload_TeamA | E62: wl-optimal | F62: 28/12/2026 | G62: 31/12/2026 | H62: 4 | I62: days | J62: High | K62: 0 | L62: Workload full coverage [Optimally allocated]. Scenario: Optimally allocated week, variant c: total 4.5 h/d + 4:30/d. Expected: Vishal plreadonly: 09:00 h/day on 4 working days (100.00% of 9 h). | M62: 18:00 | N62: 04:30 | O62: hrs/day | P62: Vishal plreadonly-04:30 /day | Q62: Billable | R62: WL Dec 2026
A63: WL Oct W1 Optimally allocated - Vishal liteuser | B63: Vishal liteuser | C63: Delayed | D63: UIAutomation_Workload_TeamB | E63: wl-optimal | F63: 05/10/2026 | G63: 09/10/2026 | H63: 5 | I63: days | J63: Medium | K63: 10 | L63: Workload full coverage [Optimally allocated]. Scenario: Optimally allocated week, variant b: 100 %/d. Expected: Vishal liteuser: 09:00 h/day on 5 working days (100.00% of 9 h). | M63: 45:00 | N63: 100 | O63: %/day | P63: Vishal liteuser-100 %/day | Q63: Non Billable | R63: WL Oct 2026 | S63: A | T63: Vishal workload | U63: Vishal workload | V63: Vishal workload | W63: Vishal workload,Vishal PLAdmin | X63: Vishal workload,Vishal PLAdmin | Y63: 01/10/2026 09:30 | Z63: 01/10/2026 | AA63: 1.125 | AB63: 10 | AC63: 25.0 | AD63: 100.00 | AE63: true | AF63: https://projects.zoho.com/portal/workload/cv/1?view=all | AG63: https://www.zoho.com/projects/1 | AH63: 9876543201 | AI63: cv1@example.com | AJ63: 1 | AK63: CV multi line 1 second line | AL63: CV single line 1
A64: WL Oct W2 Under-allocated - Vishal liteuser | B64: Vishal liteuser | C64: Closed | D64: UIAutomation_Workload_TeamB, UIAutomation_Workload_TeamA | E64: wl-under | F64: 12/10/2026 | G64: 16/10/2026 | H64: 5 | I64: days | J64: Low | K64: 100 | L64: Workload full coverage [Under-allocated]. Scenario: Under-allocated week, variant b: 25 %/d. Expected: Vishal liteuser: 02:15 h/day on 5 working days (25.00% of 9 h). | M64: 11:15 | N64: 25 | O64: %/day | P64: Vishal liteuser-25 %/day | Q64: None | R64: WL Oct 2026 | S64: B | T64: Vishal PLAdmin | U64: Vishal PLAdmin | V64: Vishal PLAdmin | W64: Vishal PLAdmin | X64: Vishal PLAdmin | Y64: 02/10/2026 10:30 | Z64: 02/10/2026 | AA64: 2.225 | AB64: 20 | AC64: 50.0 | AD64: 200.00 | AE64: false | AF64: https://projects.zoho.com/portal/workload/cv/2?view=all | AG64: https://www.zoho.com/projects/2 | AH64: 9876543202 | AI64: cv2@example.com | AJ64: 2 | AK64: CV multi line 2 second line | AL64: CV single line 2
A65: WL Oct W4 Over-allocated - Vishal liteuser | B65: Vishal liteuser | C65: Cancelled | E65: wl-over | F65: 26/10/2026 | G65: 30/10/2026 | H65: 5 | I65: days | J65: None | K65: 0 | L65: Workload full coverage [Over-allocated]. Scenario: Over-allocated week, variant b: 150 %/d. Expected: Vishal liteuser: 13:30 h/day on 5 working days (150.00% of 9 h). | M65: 67:30 | N65: 150 | O65: %/day | P65: Vishal liteuser-150 %/day | Q65: Billable | R65: WL Oct 2026 | S65: A,B | T65: vishal PL manager | U65: vishal PL manager | V65: vishal PL manager | W65: Vishal workload,Vishal PLAdmin | X65: Vishal workload,Vishal PLAdmin | Y65: 03/10/2026 11:30 | Z65: 03/10/2026 | AA65: 3.325 | AB65: 30 | AC65: 75.0 | AD65: 300.00 | AE65: true | AF65: https://projects.zoho.com/portal/workload/cv/3?view=all | AG65: https://www.zoho.com/projects/3 | AH65: 9876543203 | AI65: cv3@example.com | AJ65: 3 | AK65: CV multi line 3 second line | AL65: CV single line 3
A66: WL Nov W1 Under-allocated - Vishal liteuser | B66: Vishal liteuser | C66: Open | D66: UIAutomation_Workload_TeamA | E66: wl-under | F66: 02/11/2026 | G66: 06/11/2026 | H66: 5 | I66: days | J66: High | K66: 75 | L66: Workload full coverage [Under-allocated]. Scenario: Under-allocated week, variant a: 4:30/d. Expected: Vishal liteuser: 04:30 h/day on 5 working days (50.00% of 9 h). | M66: 22:30 | N66: 04:30 | O66: hrs/day | P66: Vishal liteuser-04:30 /day | Q66: Non Billable | R66: WL Nov 2026
A67: WL Nov W3 Over-allocated (1 of 2) - Vishal liteuser | B67: Vishal liteuser | C67: In Progress | D67: UIAutomation_Workload_TeamB | E67: wl-over | F67: 16/11/2026 | G67: 20/11/2026 | H67: 5 | I67: days | J67: Medium | K67: 90 | L67: Workload full coverage [Over-allocated]. Scenario: Over-allocated week, variant a: 6:00/d + 4:30/d. Expected: Vishal liteuser: 10:30 h/day on 5 working days (116.67% of 9 h). | M67: 30:00 | N67: 06:00 | O67: hrs/day | P67: Vishal liteuser-06:00 /day | Q67: None | R67: WL Nov 2026 | S67: A | T67: Vishal workload | U67: Vishal workload | V67: Vishal workload | W67: Vishal workload,Vishal PLAdmin | X67: Vishal workload,Vishal PLAdmin | Y67: 01/10/2026 09:30 | Z67: 01/10/2026 | AA67: 1.125 | AB67: 10 | AC67: 25.0 | AD67: 100.00 | AE67: true | AF67: https://projects.zoho.com/portal/workload/cv/1?view=all | AG67: https://www.zoho.com/projects/1 | AH67: 9876543201 | AI67: cv1@example.com | AJ67: 1 | AK67: CV multi line 1 second line | AL67: CV single line 1
A68: WL Nov W3 Over-allocated (2 of 2) - Vishal liteuser | B68: Vishal liteuser | C68: In Review | D68: UIAutomation_Workload_TeamB, UIAutomation_Workload_TeamA | E68: wl-over | F68: 16/11/2026 | G68: 20/11/2026 | H68: 5 | I68: days | J68: Low | K68: 0 | L68: Workload full coverage [Over-allocated]. Scenario: Over-allocated week, variant a: 6:00/d + 4:30/d. Expected: Vishal liteuser: 10:30 h/day on 5 working days (116.67% of 9 h). | M68: 22:30 | N68: 04:30 | O68: hrs/day | P68: Vishal liteuser-04:30 /day | Q68: Billable | R68: WL Nov 2026 | S68: B | T68: Vishal PLAdmin | U68: Vishal PLAdmin | V68: Vishal PLAdmin | W68: Vishal PLAdmin | X68: Vishal PLAdmin | Y68: 02/10/2026 10:30 | Z68: 02/10/2026 | AA68: 2.225 | AB68: 20 | AC68: 50.0 | AD68: 200.00 | AE68: false | AF68: https://projects.zoho.com/portal/workload/cv/2?view=all | AG68: https://www.zoho.com/projects/2 | AH68: 9876543202 | AI68: cv2@example.com | AJ68: 2 | AK68: CV multi line 2 second line | AL68: CV single line 2
A69: WL Nov W4 Optimally allocated - Vishal liteuser | B69: Vishal liteuser | C69: To be Tested | E69: wl-optimal | F69: 23/11/2026 | G69: 27/11/2026 | H69: 5 | I69: days | J69: None | K69: 10 | L69: Workload full coverage [Optimally allocated]. Scenario: Optimally allocated week, variant a: 9:00/d. Expected: Vishal liteuser: 09:00 h/day on 5 working days (100.00% of 9 h). | M69: 45:00 | N69: 09:00 | O69: hrs/day | P69: Vishal liteuser-09:00 /day | Q69: Non Billable | R69: WL Nov 2026 | S69: A,B | T69: vishal PL manager | U69: vishal PL manager | V69: vishal PL manager | W69: Vishal workload,Vishal PLAdmin | X69: Vishal workload,Vishal PLAdmin | Y69: 03/10/2026 11:30 | Z69: 03/10/2026 | AA69: 3.325 | AB69: 30 | AC69: 75.0 | AD69: 300.00 | AE69: true | AF69: https://projects.zoho.com/portal/workload/cv/3?view=all | AG69: https://www.zoho.com/projects/3 | AH69: 9876543203 | AI69: cv3@example.com | AJ69: 3 | AK69: CV multi line 3 second line | AL69: CV single line 3
A70: WL Dec W1 Unallocated - Vishal liteuser | B70: Vishal liteuser | C70: On Hold | D70: UIAutomation_Workload_TeamA | E70: wl-unallocated | F70: 07/12/2026 | G70: 11/12/2026 | H70: 5 | I70: days | J70: High | K70: 25 | L70: Workload full coverage [Unallocated]. Scenario: Unallocated week, variant d: task with 0:00. Expected: Vishal liteuser: 00:00 h/day on 5 working days (0.00% of 9 h). | M70: 00:00 | N70: 00:00 | O70: hrs/day | P70: Vishal liteuser-00:00 /day | Q70: None | R70: Workload CV List
A71: WL Dec W2 Over-allocated (1 of 2) - Vishal liteuser | B71: Vishal liteuser | C71: Delayed | D71: UIAutomation_Workload_TeamB | E71: wl-over | F71: 14/12/2026 | G71: 18/12/2026 | H71: 5 | I71: days | J71: Medium | K71: 50 | L71: Workload full coverage [Over-allocated]. Scenario: Over-allocated week, variant d: 5:00/d + 50 %/d. Expected: Vishal liteuser: 09:30 h/day on 5 working days (105.56% of 9 h). | M71: 25:00 | N71: 05:00 | O71: hrs/day | P71: Vishal liteuser-05:00 /day | Q71: Billable | R71: WL Dec 2026 | S71: A | T71: Vishal workload | U71: Vishal workload | V71: Vishal workload | W71: Vishal workload,Vishal PLAdmin | X71: Vishal workload,Vishal PLAdmin | Y71: 01/10/2026 09:30 | Z71: 01/10/2026 | AA71: 1.125 | AB71: 10 | AC71: 25.0 | AD71: 100.00 | AE71: true | AF71: https://projects.zoho.com/portal/workload/cv/1?view=all | AG71: https://www.zoho.com/projects/1 | AH71: 9876543201 | AI71: cv1@example.com | AJ71: 1 | AK71: CV multi line 1 second line | AL71: CV single line 1
A72: WL Dec W2 Over-allocated (2 of 2) - Vishal liteuser | B72: Vishal liteuser | C72: Closed | D72: UIAutomation_Workload_TeamB, UIAutomation_Workload_TeamA | E72: wl-over | F72: 14/12/2026 | G72: 18/12/2026 | H72: 5 | I72: days | J72: Low | K72: 100 | L72: Workload full coverage [Over-allocated]. Scenario: Over-allocated week, variant d: 5:00/d + 50 %/d. Expected: Vishal liteuser: 09:30 h/day on 5 working days (105.56% of 9 h). | M72: 22:30 | N72: 50 | O72: %/day | P72: Vishal liteuser-50 %/day | Q72: Non Billable | R72: WL Dec 2026 | S72: B | T72: Vishal PLAdmin | U72: Vishal PLAdmin | V72: Vishal PLAdmin | W72: Vishal PLAdmin | X72: Vishal PLAdmin | Y72: 02/10/2026 10:30 | Z72: 02/10/2026 | AA72: 2.225 | AB72: 20 | AC72: 50.0 | AD72: 200.00 | AE72: false | AF72: https://projects.zoho.com/portal/workload/cv/2?view=all | AG72: https://www.zoho.com/projects/2 | AH72: 9876543202 | AI72: cv2@example.com | AJ72: 2 | AK72: CV multi line 2 second line | AL72: CV single line 2
A73: WL Dec W3 Optimally allocated - Vishal liteuser | B73: Vishal liteuser | C73: Cancelled | E73: wl-optimal | F73: 21/12/2026 | G73: 25/12/2026 | H73: 5 | I73: days | J73: None | K73: 0 | L73: Workload full coverage [Optimally allocated]. Scenario: Optimally allocated week, variant d: total 9 h/d. Expected: Vishal liteuser: 09:00 h/day on 5 working days (100.00% of 9 h). | M73: 45:00 | N73: 45:00 | O73: hrs | P73: Vishal liteuser-45:00 | Q73: None | R73: WL Dec 2026 | S73: A,B | T73: vishal PL manager | U73: vishal PL manager | V73: vishal PL manager | W73: Vishal workload,Vishal PLAdmin | X73: Vishal workload,Vishal PLAdmin | Y73: 03/10/2026 11:30 | Z73: 03/10/2026 | AA73: 3.325 | AB73: 30 | AC73: 75.0 | AD73: 300.00 | AE73: true | AF73: https://projects.zoho.com/portal/workload/cv/3?view=all | AG73: https://www.zoho.com/projects/3 | AH73: 9876543203 | AI73: cv3@example.com | AJ73: 3 | AK73: CV multi line 3 second line | AL73: CV single line 3
A74: WL Dec W4 Under-allocated - Vishal liteuser | B74: Vishal liteuser | C74: Open | D74: UIAutomation_Workload_TeamA | E74: wl-under | F74: 28/12/2026 | G74: 31/12/2026 | H74: 4 | I74: days | J74: High | K74: 0 | L74: Workload full coverage [Under-allocated]. Scenario: Under-allocated week, variant d: 8:30/d. Expected: Vishal liteuser: 08:30 h/day on 4 working days (94.44% of 9 h). | M74: 34:00 | N74: 08:30 | O74: hrs/day | P74: Vishal liteuser-08:30 /day | Q74: Billable | R74: WL Dec 2026
A75: WL Oct W1 Under-allocated - Vishal customprofile | B75: Vishal customprofile | C75: In Progress | D75: UIAutomation_Workload_TeamB | E75: wl-under | F75: 05/10/2026 | G75: 09/10/2026 | H75: 5 | I75: days | J75: Medium | K75: 10 | L75: Workload full coverage [Under-allocated]. Scenario: Under-allocated week, variant c: total 3 h/d. Expected: Vishal customprofile: 03:00 h/day on 5 working days (33.33% of 9 h). | M75: 15:00 | N75: 15:00 | O75: hrs | P75: Vishal customprofile-15:00 | Q75: Non Billable | R75: WL Oct 2026 | S75: A | T75: Vishal workload | U75: Vishal workload | V75: Vishal workload | W75: Vishal workload,Vishal PLAdmin | X75: Vishal workload,Vishal PLAdmin | Y75: 01/10/2026 09:30 | Z75: 01/10/2026 | AA75: 1.125 | AB75: 10 | AC75: 25.0 | AD75: 100.00 | AE75: true | AF75: https://projects.zoho.com/portal/workload/cv/1?view=all | AG75: https://www.zoho.com/projects/1 | AH75: 9876543201 | AI75: cv1@example.com | AJ75: 1 | AK75: CV multi line 1 second line | AL75: CV single line 1
A76: WL Oct W3 Over-allocated - Vishal customprofile | B76: Vishal customprofile | C76: In Review | D76: UIAutomation_Workload_TeamB, UIAutomation_Workload_TeamA | E76: wl-over | F76: 19/10/2026 | G76: 23/10/2026 | H76: 5 | I76: days | J76: Low | K76: 25 | L76: Workload full coverage [Over-allocated]. Scenario: Over-allocated week, variant c: total 12 h/d. Expected: Vishal customprofile: 12:00 h/day on 5 working days (133.33% of 9 h). | M76: 60:00 | N76: 60:00 | O76: hrs | P76: Vishal customprofile-60:00 | Q76: None | R76: WL Oct 2026 | S76: B | T76: Vishal PLAdmin | U76: Vishal PLAdmin | V76: Vishal PLAdmin | W76: Vishal PLAdmin | X76: Vishal PLAdmin | Y76: 02/10/2026 10:30 | Z76: 02/10/2026 | AA76: 2.225 | AB76: 20 | AC76: 50.0 | AD76: 200.00 | AE76: false | AF76: https://projects.zoho.com/portal/workload/cv/2?view=all | AG76: https://www.zoho.com/projects/2 | AH76: 9876543202 | AI76: cv2@example.com | AJ76: 2 | AK76: CV multi line 2 second line | AL76: CV single line 2
A77: WL Oct W4 Optimally allocated (1 of 2) - Vishal customprofile | B77: Vishal customprofile | C77: To be Tested | E77: wl-optimal | F77: 26/10/2026 | G77: 30/10/2026 | H77: 5 | I77: days | J77: None | K77: 50 | L77: Workload full coverage [Optimally allocated]. Scenario: Optimally allocated week, variant c: total 4.5 h/d + 4:30/d. Expected: Vishal customprofile: 09:00 h/day on 5 working days (100.00% of 9 h). | M77: 22:30 | N77: 22:30 | O77: hrs | P77: Vishal customprofile-22:30 | Q77: Billable | R77: WL Oct 2026 | S77: A,B | T77: vishal PL manager | U77: vishal PL manager | V77: vishal PL manager | W77: Vishal workload,Vishal PLAdmin | X77: Vishal workload,Vishal PLAdmin | Y77: 03/10/2026 11:30 | Z77: 03/10/2026 | AA77: 3.325 | AB77: 30 | AC77: 75.0 | AD77: 300.00 | AE77: true | AF77: https://projects.zoho.com/portal/workload/cv/3?view=all | AG77: https://www.zoho.com/projects/3 | AH77: 9876543203 | AI77: cv3@example.com | AJ77: 3 | AK77: CV multi line 3 second line | AL77: CV single line 3
A78: WL Oct W4 Optimally allocated (2 of 2) - Vishal customprofile | B78: Vishal customprofile | C78: On Hold | D78: UIAutomation_Workload_TeamA | E78: wl-optimal | F78: 26/10/2026 | G78: 30/10/2026 | H78: 5 | I78: days | J78: High | K78: 75 | L78: Workload full coverage [Optimally allocated]. Scenario: Optimally allocated week, variant c: total 4.5 h/d + 4:30/d. Expected: Vishal customprofile: 09:00 h/day on 5 working days (100.00% of 9 h). | M78: 22:30 | N78: 04:30 | O78: hrs/day | P78: Vishal customprofile-04:30 /day | Q78: Non Billable | R78: WL Oct 2026
A79: WL Nov W2 Over-allocated - Vishal customprofile | B79: Vishal customprofile | C79: Delayed | D79: UIAutomation_Workload_TeamB | E79: wl-over | F79: 09/11/2026 | G79: 13/11/2026 | H79: 5 | I79: days | J79: Medium | K79: 90 | L79: Workload full coverage [Over-allocated]. Scenario: Over-allocated week, variant b: 150 %/d. Expected: Vishal customprofile: 13:30 h/day on 5 working days (150.00% of 9 h). | M79: 67:30 | N79: 150 | O79: %/day | P79: Vishal customprofile-150 %/day | Q79: None | R79: WL Nov 2026 | S79: A | T79: Vishal workload | U79: Vishal workload | V79: Vishal workload | W79: Vishal workload,Vishal PLAdmin | X79: Vishal workload,Vishal PLAdmin | Y79: 01/10/2026 09:30 | Z79: 01/10/2026 | AA79: 1.125 | AB79: 10 | AC79: 25.0 | AD79: 100.00 | AE79: true | AF79: https://projects.zoho.com/portal/workload/cv/1?view=all | AG79: https://www.zoho.com/projects/1 | AH79: 9876543201 | AI79: cv1@example.com | AJ79: 1 | AK79: CV multi line 1 second line | AL79: CV single line 1
A80: WL Nov W3 Optimally allocated - Vishal customprofile | B80: Vishal customprofile | C80: Closed | D80: UIAutomation_Workload_TeamB, UIAutomation_Workload_TeamA | E80: wl-optimal | F80: 16/11/2026 | G80: 20/11/2026 | H80: 5 | I80: days | J80: Low | K80: 100 | L80: Workload full coverage [Optimally allocated]. Scenario: Optimally allocated week, variant b: 100 %/d. Expected: Vishal customprofile: 09:00 h/day on 5 working days (100.00% of 9 h). | M80: 45:00 | N80: 100 | O80: %/day | P80: Vishal customprofile-100 %/day | Q80: Billable | R80: WL Nov 2026 | S80: B | T80: Vishal PLAdmin | U80: Vishal PLAdmin | V80: Vishal PLAdmin | W80: Vishal PLAdmin | X80: Vishal PLAdmin | Y80: 02/10/2026 10:30 | Z80: 02/10/2026 | AA80: 2.225 | AB80: 20 | AC80: 50.0 | AD80: 200.00 | AE80: false | AF80: https://projects.zoho.com/portal/workload/cv/2?view=all | AG80: https://www.zoho.com/projects/2 | AH80: 9876543202 | AI80: cv2@example.com | AJ80: 2 | AK80: CV multi line 2 second line | AL80: CV single line 2
A81: WL Nov W4 Under-allocated - Vishal customprofile | B81: Vishal customprofile | C81: Cancelled | E81: wl-under | F81: 23/11/2026 | G81: 27/11/2026 | H81: 5 | I81: days | J81: None | K81: 0 | L81: Workload full coverage [Under-allocated]. Scenario: Under-allocated week, variant b: 25 %/d. Expected: Vishal customprofile: 02:15 h/day on 5 working days (25.00% of 9 h). | M81: 11:15 | N81: 25 | O81: %/day | P81: Vishal customprofile-25 %/day | Q81: Non Billable | R81: WL Nov 2026 | S81: A,B | T81: vishal PL manager | U81: vishal PL manager | V81: vishal PL manager | W81: Vishal workload,Vishal PLAdmin | X81: Vishal workload,Vishal PLAdmin | Y81: 03/10/2026 11:30 | Z81: 03/10/2026 | AA81: 3.325 | AB81: 30 | AC81: 75.0 | AD81: 300.00 | AE81: true | AF81: https://projects.zoho.com/portal/workload/cv/3?view=all | AG81: https://www.zoho.com/projects/3 | AH81: 9876543203 | AI81: cv3@example.com | AJ81: 3 | AK81: CV multi line 3 second line | AL81: CV single line 3
A82: WL Dec W1 Over-allocated (1 of 2) - Vishal customprofile | B82: Vishal customprofile | C82: Open | D82: UIAutomation_Workload_TeamA | E82: wl-over | F82: 07/12/2026 | G82: 11/12/2026 | H82: 5 | I82: days | J82: High | K82: 25 | L82: Workload full coverage [Over-allocated]. Scenario: Over-allocated week, variant a: 6:00/d + 4:30/d. Expected: Vishal customprofile: 10:30 h/day on 5 working days (116.67% of 9 h). | M82: 30:00 | N82: 06:00 | O82: hrs/day | P82: Vishal customprofile-06:00 /day | Q82: None | R82: WL Dec 2026
A83: WL Dec W1 Over-allocated (2 of 2) - Vishal customprofile | B83: Vishal customprofile | C83: In Progress | D83: UIAutomation_Workload_TeamB | E83: wl-over | F83: 07/12/2026 | G83: 11/12/2026 | H83: 5 | I83: days | J83: Medium | K83: 50 | L83: Workload full coverage [Over-allocated]. Scenario: Over-allocated week, variant a: 6:00/d + 4:30/d. Expected: Vishal customprofile: 10:30 h/day on 5 working days (116.67% of 9 h). | M83: 22:30 | N83: 04:30 | O83: hrs/day | P83: Vishal customprofile-04:30 /day | Q83: Billable | R83: WL Dec 2026 | S83: A | T83: Vishal workload | U83: Vishal workload | V83: Vishal workload | W83: Vishal workload,Vishal PLAdmin | X83: Vishal workload,Vishal PLAdmin | Y83: 01/10/2026 09:30 | Z83: 01/10/2026 | AA83: 1.125 | AB83: 10 | AC83: 25.0 | AD83: 100.00 | AE83: true | AF83: https://projects.zoho.com/portal/workload/cv/1?view=all | AG83: https://www.zoho.com/projects/1 | AH83: 9876543201 | AI83: cv1@example.com | AJ83: 1 | AK83: CV multi line 1 second line | AL83: CV single line 1
A84: WL Dec W2 Optimally allocated - Vishal customprofile | B84: Vishal customprofile | C84: In Review | D84: UIAutomation_Workload_TeamB, UIAutomation_Workload_TeamA | E84: wl-optimal | F84: 14/12/2026 | G84: 18/12/2026 | H84: 5 | I84: days | J84: Low | K84: 75 | L84: Workload full coverage [Optimally allocated]. Scenario: Optimally allocated week, variant a: 9:00/d. Expected: Vishal customprofile: 09:00 h/day on 5 working days (100.00% of 9 h). | M84: 45:00 | N84: 09:00 | O84: hrs/day | P84: Vishal customprofile-09:00 /day | Q84: Non Billable | R84: WL Dec 2026 | S84: B | T84: Vishal PLAdmin | U84: Vishal PLAdmin | V84: Vishal PLAdmin | W84: Vishal PLAdmin | X84: Vishal PLAdmin | Y84: 02/10/2026 10:30 | Z84: 02/10/2026 | AA84: 2.225 | AB84: 20 | AC84: 50.0 | AD84: 200.00 | AE84: false | AF84: https://projects.zoho.com/portal/workload/cv/2?view=all | AG84: https://www.zoho.com/projects/2 | AH84: 9876543202 | AI84: cv2@example.com | AJ84: 2 | AK84: CV multi line 2 second line | AL84: CV single line 2
A85: WL Dec W3 Under-allocated - Vishal customprofile | B85: Vishal customprofile | C85: To be Tested | E85: wl-under | F85: 21/12/2026 | G85: 25/12/2026 | H85: 5 | I85: days | J85: None | K85: 90 | L85: Workload full coverage [Under-allocated]. Scenario: Under-allocated week, variant a: 4:30/d. Expected: Vishal customprofile: 04:30 h/day on 5 working days (50.00% of 9 h). | M85: 22:30 | N85: 04:30 | O85: hrs/day | P85: Vishal customprofile-04:30 /day | Q85: None | R85: WL Dec 2026 | S85: A,B | T85: vishal PL manager | U85: vishal PL manager | V85: vishal PL manager | W85: Vishal workload,Vishal PLAdmin | X85: Vishal workload,Vishal PLAdmin | Y85: 03/10/2026 11:30 | Z85: 03/10/2026 | AA85: 3.325 | AB85: 30 | AC85: 75.0 | AD85: 300.00 | AE85: true | AF85: https://projects.zoho.com/portal/workload/cv/3?view=all | AG85: https://www.zoho.com/projects/3 | AH85: 9876543203 | AI85: cv3@example.com | AJ85: 3 | AK85: CV multi line 3 second line | AL85: CV single line 3
A86: WL Oct W1 Unallocated - UIAutomation_Workload_Resource | B86: UIAutomation_Workload_Resource | C86: On Hold | D86: UIAutomation_Workload_TeamA | E86: wl-unallocated | F86: 05/10/2026 | G86: 09/10/2026 | H86: 5 | I86: days | J86: High | K86: 0 | L86: Workload full coverage [Unallocated]. Scenario: Unallocated week, variant d: task with 0:00. Expected: UIAutomation_Workload_Resource: 00:00 h/day on 5 working days (0.00% of 9 h). | M86: 00:00 | N86: 00:00 | O86: hrs/day | P86: UIAutomation_Workload_Resource-00:00 /day | Q86: Billable | R86: Workload CV List
A87: WL Oct W2 Over-allocated (1 of 2) - UIAutomation_Workload_Resource | B87: UIAutomation_Workload_Resource | C87: Delayed | D87: UIAutomation_Workload_TeamB | E87: wl-over | F87: 12/10/2026 | G87: 16/10/2026 | H87: 5 | I87: days | J87: Medium | K87: 10 | L87: Workload full coverage [Over-allocated]. Scenario: Over-allocated week, variant d: 5:00/d + 50 %/d. Expected: UIAutomation_Workload_Resource: 09:30 h/day on 5 working days (105.56% of 9 h). | M87: 25:00 | N87: 05:00 | O87: hrs/day | P87: UIAutomation_Workload_Resource-05:00 /day | Q87: Non Billable | R87: WL Oct 2026 | S87: A | T87: Vishal workload | U87: Vishal workload | V87: Vishal workload | W87: Vishal workload,Vishal PLAdmin | X87: Vishal workload,Vishal PLAdmin | Y87: 01/10/2026 09:30 | Z87: 01/10/2026 | AA87: 1.125 | AB87: 10 | AC87: 25.0 | AD87: 100.00 | AE87: true | AF87: https://projects.zoho.com/portal/workload/cv/1?view=all | AG87: https://www.zoho.com/projects/1 | AH87: 9876543201 | AI87: cv1@example.com | AJ87: 1 | AK87: CV multi line 1 second line | AL87: CV single line 1
A88: WL Oct W2 Over-allocated (2 of 2) - UIAutomation_Workload_Resource | B88: UIAutomation_Workload_Resource | C88: Closed | D88: UIAutomation_Workload_TeamB, UIAutomation_Workload_TeamA | E88: wl-over | F88: 12/10/2026 | G88: 16/10/2026 | H88: 5 | I88: days | J88: Low | K88: 100 | L88: Workload full coverage [Over-allocated]. Scenario: Over-allocated week, variant d: 5:00/d + 50 %/d. Expected: UIAutomation_Workload_Resource: 09:30 h/day on 5 working days (105.56% of 9 h). | M88: 22:30 | N88: 50 | O88: %/day | P88: UIAutomation_Workload_Resource-50 %/day | Q88: None | R88: WL Oct 2026 | S88: B | T88: Vishal PLAdmin | U88: Vishal PLAdmin | V88: Vishal PLAdmin | W88: Vishal PLAdmin | X88: Vishal PLAdmin | Y88: 02/10/2026 10:30 | Z88: 02/10/2026 | AA88: 2.225 | AB88: 20 | AC88: 50.0 | AD88: 200.00 | AE88: false | AF88: https://projects.zoho.com/portal/workload/cv/2?view=all | AG88: https://www.zoho.com/projects/2 | AH88: 9876543202 | AI88: cv2@example.com | AJ88: 2 | AK88: CV multi line 2 second line | AL88: CV single line 2
A89: WL Oct W3 Optimally allocated - UIAutomation_Workload_Resource | B89: UIAutomation_Workload_Resource | C89: Cancelled | E89: wl-optimal | F89: 19/10/2026 | G89: 23/10/2026 | H89: 5 | I89: days | J89: None | K89: 0 | L89: Workload full coverage [Optimally allocated]. Scenario: Optimally allocated week, variant d: total 9 h/d. Expected: UIAutomation_Workload_Resource: 09:00 h/day on 5 working days (100.00% of 9 h). | M89: 45:00 | N89: 45:00 | O89: hrs | P89: UIAutomation_Workload_Resource-45:00 | Q89: Billable | R89: WL Oct 2026 | S89: A,B | T89: vishal PL manager | U89: vishal PL manager | V89: vishal PL manager | W89: Vishal workload,Vishal PLAdmin | X89: Vishal workload,Vishal PLAdmin | Y89: 03/10/2026 11:30 | Z89: 03/10/2026 | AA89: 3.325 | AB89: 30 | AC89: 75.0 | AD89: 300.00 | AE89: true | AF89: https://projects.zoho.com/portal/workload/cv/3?view=all | AG89: https://www.zoho.com/projects/3 | AH89: 9876543203 | AI89: cv3@example.com | AJ89: 3 | AK89: CV multi line 3 second line | AL89: CV single line 3
A90: WL Oct W4 Under-allocated - UIAutomation_Workload_Resource | B90: UIAutomation_Workload_Resource | C90: Open | D90: UIAutomation_Workload_TeamA | E90: wl-under | F90: 26/10/2026 | G90: 30/10/2026 | H90: 5 | I90: days | J90: High | K90: 75 | L90: Workload full coverage [Under-allocated]. Scenario: Under-allocated week, variant d: 8:30/d. Expected: UIAutomation_Workload_Resource: 08:30 h/day on 5 working days (94.44% of 9 h). | M90: 42:30 | N90: 08:30 | O90: hrs/day | P90: UIAutomation_Workload_Resource-08:30 /day | Q90: Non Billable | R90: WL Oct 2026
A91: WL Nov W1 Over-allocated - UIAutomation_Workload_Resource | B91: UIAutomation_Workload_Resource | C91: In Progress | D91: UIAutomation_Workload_TeamB | E91: wl-over | F91: 02/11/2026 | G91: 06/11/2026 | H91: 5 | I91: days | J91: Medium | K91: 90 | L91: Workload full coverage [Over-allocated]. Scenario: Over-allocated week, variant c: total 12 h/d. Expected: UIAutomation_Workload_Resource: 12:00 h/day on 5 working days (133.33% of 9 h). | M91: 60:00 | N91: 60:00 | O91: hrs | P91: UIAutomation_Workload_Resource-60:00 | Q91: None | R91: WL Nov 2026 | S91: A | T91: Vishal workload | U91: Vishal workload | V91: Vishal workload | W91: Vishal workload,Vishal PLAdmin | X91: Vishal workload,Vishal PLAdmin | Y91: 01/10/2026 09:30 | Z91: 01/10/2026 | AA91: 1.125 | AB91: 10 | AC91: 25.0 | AD91: 100.00 | AE91: true | AF91: https://projects.zoho.com/portal/workload/cv/1?view=all | AG91: https://www.zoho.com/projects/1 | AH91: 9876543201 | AI91: cv1@example.com | AJ91: 1 | AK91: CV multi line 1 second line | AL91: CV single line 1
A92: WL Nov W2 Optimally allocated (1 of 2) - UIAutomation_Workload_Resource | B92: UIAutomation_Workload_Resource | C92: In Review | D92: UIAutomation_Workload_TeamB, UIAutomation_Workload_TeamA | E92: wl-optimal | F92: 09/11/2026 | G92: 13/11/2026 | H92: 5 | I92: days | J92: Low | K92: 0 | L92: Workload full coverage [Optimally allocated]. Scenario: Optimally allocated week, variant c: total 4.5 h/d + 4:30/d. Expected: UIAutomation_Workload_Resource: 09:00 h/day on 5 working days (100.00% of 9 h). | M92: 22:30 | N92: 22:30 | O92: hrs | P92: UIAutomation_Workload_Resource-22:30 | Q92: Billable | R92: WL Nov 2026 | S92: B | T92: Vishal PLAdmin | U92: Vishal PLAdmin | V92: Vishal PLAdmin | W92: Vishal PLAdmin | X92: Vishal PLAdmin | Y92: 02/10/2026 10:30 | Z92: 02/10/2026 | AA92: 2.225 | AB92: 20 | AC92: 50.0 | AD92: 200.00 | AE92: false | AF92: https://projects.zoho.com/portal/workload/cv/2?view=all | AG92: https://www.zoho.com/projects/2 | AH92: 9876543202 | AI92: cv2@example.com | AJ92: 2 | AK92: CV multi line 2 second line | AL92: CV single line 2
A93: WL Nov W2 Optimally allocated (2 of 2) - UIAutomation_Workload_Resource | B93: UIAutomation_Workload_Resource | C93: To be Tested | E93: wl-optimal | F93: 09/11/2026 | G93: 13/11/2026 | H93: 5 | I93: days | J93: None | K93: 10 | L93: Workload full coverage [Optimally allocated]. Scenario: Optimally allocated week, variant c: total 4.5 h/d + 4:30/d. Expected: UIAutomation_Workload_Resource: 09:00 h/day on 5 working days (100.00% of 9 h). | M93: 22:30 | N93: 04:30 | O93: hrs/day | P93: UIAutomation_Workload_Resource-04:30 /day | Q93: Non Billable | R93: WL Nov 2026 | S93: A,B | T93: vishal PL manager | U93: vishal PL manager | V93: vishal PL manager | W93: Vishal workload,Vishal PLAdmin | X93: Vishal workload,Vishal PLAdmin | Y93: 03/10/2026 11:30 | Z93: 03/10/2026 | AA93: 3.325 | AB93: 30 | AC93: 75.0 | AD93: 300.00 | AE93: true | AF93: https://projects.zoho.com/portal/workload/cv/3?view=all | AG93: https://www.zoho.com/projects/3 | AH93: 9876543203 | AI93: cv3@example.com | AJ93: 3 | AK93: CV multi line 3 second line | AL93: CV single line 3
A94: WL Nov W3 Under-allocated - UIAutomation_Workload_Resource | B94: UIAutomation_Workload_Resource | C94: On Hold | D94: UIAutomation_Workload_TeamA | E94: wl-under | F94: 16/11/2026 | G94: 20/11/2026 | H94: 5 | I94: days | J94: High | K94: 25 | L94: Workload full coverage [Under-allocated]. Scenario: Under-allocated week, variant c: total 3 h/d. Expected: UIAutomation_Workload_Resource: 03:00 h/day on 5 working days (33.33% of 9 h). | M94: 15:00 | N94: 15:00 | O94: hrs | P94: UIAutomation_Workload_Resource-15:00 | Q94: None | R94: WL Nov 2026
A95: WL Dec W1 Optimally allocated - UIAutomation_Workload_Resource | B95: UIAutomation_Workload_Resource | C95: Delayed | D95: UIAutomation_Workload_TeamB | E95: wl-optimal | F95: 07/12/2026 | G95: 11/12/2026 | H95: 5 | I95: days | J95: Medium | K95: 50 | L95: Workload full coverage [Optimally allocated]. Scenario: Optimally allocated week, variant b: 100 %/d. Expected: UIAutomation_Workload_Resource: 09:00 h/day on 5 working days (100.00% of 9 h). | M95: 45:00 | N95: 100 | O95: %/day | P95: UIAutomation_Workload_Resource-100 %/day | Q95: Billable | R95: WL Dec 2026 | S95: A | T95: Vishal workload | U95: Vishal workload | V95: Vishal workload | W95: Vishal workload,Vishal PLAdmin | X95: Vishal workload,Vishal PLAdmin | Y95: 01/10/2026 09:30 | Z95: 01/10/2026 | AA95: 1.125 | AB95: 10 | AC95: 25.0 | AD95: 100.00 | AE95: true | AF95: https://projects.zoho.com/portal/workload/cv/1?view=all | AG95: https://www.zoho.com/projects/1 | AH95: 9876543201 | AI95: cv1@example.com | AJ95: 1 | AK95: CV multi line 1 second line | AL95: CV single line 1
A96: WL Dec W2 Under-allocated - UIAutomation_Workload_Resource | B96: UIAutomation_Workload_Resource | C96: Closed | D96: UIAutomation_Workload_TeamB, UIAutomation_Workload_TeamA | E96: wl-under | F96: 14/12/2026 | G96: 18/12/2026 | H96: 5 | I96: days | J96: Low | K96: 100 | L96: Workload full coverage [Under-allocated]. Scenario: Under-allocated week, variant b: 25 %/d. Expected: UIAutomation_Workload_Resource: 02:15 h/day on 5 working days (25.00% of 9 h). | M96: 11:15 | N96: 25 | O96: %/day | P96: UIAutomation_Workload_Resource-25 %/day | Q96: Non Billable | R96: WL Dec 2026 | S96: B | T96: Vishal PLAdmin | U96: Vishal PLAdmin | V96: Vishal PLAdmin | W96: Vishal PLAdmin | X96: Vishal PLAdmin | Y96: 02/10/2026 10:30 | Z96: 02/10/2026 | AA96: 2.225 | AB96: 20 | AC96: 50.0 | AD96: 200.00 | AE96: false | AF96: https://projects.zoho.com/portal/workload/cv/2?view=all | AG96: https://www.zoho.com/projects/2 | AH96: 9876543202 | AI96: cv2@example.com | AJ96: 2 | AK96: CV multi line 2 second line | AL96: CV single line 2
A97: WL Dec W4 Over-allocated - UIAutomation_Workload_Resource | B97: UIAutomation_Workload_Resource | C97: Cancelled | E97: wl-over | F97: 28/12/2026 | G97: 31/12/2026 | H97: 4 | I97: days | J97: None | K97: 0 | L97: Workload full coverage [Over-allocated]. Scenario: Over-allocated week, variant b: 150 %/d. Expected: UIAutomation_Workload_Resource: 13:30 h/day on 4 working days (150.00% of 9 h). | M97: 54:00 | N97: 150 | O97: %/day | P97: UIAutomation_Workload_Resource-150 %/day | Q97: None | R97: WL Dec 2026 | S97: A,B | T97: vishal PL manager | U97: vishal PL manager | V97: vishal PL manager | W97: Vishal workload,Vishal PLAdmin | X97: Vishal workload,Vishal PLAdmin | Y97: 03/10/2026 11:30 | Z97: 03/10/2026 | AA97: 3.325 | AB97: 30 | AC97: 75.0 | AD97: 300.00 | AE97: true | AF97: https://projects.zoho.com/portal/workload/cv/3?view=all | AG97: https://www.zoho.com/projects/3 | AH97: 9876543203 | AI97: cv3@example.com | AJ97: 3 | AK97: CV multi line 3 second line | AL97: CV single line 3
A98: WL-E01 Weekend span total hours - Vishal workload | B98: Vishal workload | C98: Open | D98: UIAutomation_Workload_TeamA | E98: wl-edge | F98: 01/10/2026 | G98: 04/10/2026 | H98: 4 | I98: days | J98: High | K98: 0 | L98: Workload full coverage [Edge]. Scenario: Thu-Sun span, 18 h total spread over working days only. Expected: 9:00 on Thu 1 Oct and Fri 2 Oct; 0 on Sat/Sun. | M98: 18:00 | N98: 18:00 | O98: hrs | P98: Vishal workload-18:00 | Q98: Billable | R98: WL Edge Cases
A99: WL-E02 Single-day total hours - Vishal PLAdmin | B99: Vishal PLAdmin | C99: In Progress | D99: UIAutomation_Workload_TeamB | E99: wl-edge | F99: 01/10/2026 | G99: 01/10/2026 | H99: 1 | I99: days | J99: Medium | K99: 10 | L99: Workload full coverage [Edge]. Scenario: Single day task, 12 h total. Expected: 12:00 on 1 Oct = 133.33 % (over). | M99: 12:00 | N99: 12:00 | O99: hrs | P99: Vishal PLAdmin-12:00 | Q99: Non Billable | R99: WL Edge Cases | S99: A | T99: Vishal workload | U99: Vishal workload | V99: Vishal workload | W99: Vishal workload,Vishal PLAdmin | X99: Vishal workload,Vishal PLAdmin | Y99: 01/10/2026 09:30 | Z99: 01/10/2026 | AA99: 1.125 | AB99: 10 | AC99: 25.0 | AD99: 100.00 | AE99: true | AF99: https://projects.zoho.com/portal/workload/cv/1?view=all | AG99: https://www.zoho.com/projects/1 | AH99: 9876543201 | AI99: cv1@example.com | AJ99: 1 | AK99: CV multi line 1 second line | AL99: CV single line 1
A100: WL-E03 Weekend-only task - vishal PL manager | B100: vishal PL manager | C100: In Review | D100: UIAutomation_Workload_TeamB, UIAutomation_Workload_TeamA | E100: wl-edge | F100: 03/10/2026 | G100: 04/10/2026 | H100: 2 | I100: days | J100: Low | K100: 25 | L100: Workload full coverage [Edge]. Scenario: Starts and ends on non-working days (Sat-Sun). Expected: VERIFY: 0 h expected (no working days in range). | M100: 08:00 | N100: 04:00 | O100: hrs/day | P100: vishal PL manager-04:00 /day | Q100: None | R100: WL Edge Cases | S100: B | T100: Vishal PLAdmin | U100: Vishal PLAdmin | V100: Vishal PLAdmin | W100: Vishal PLAdmin | X100: Vishal PLAdmin | Y100: 02/10/2026 10:30 | Z100: 02/10/2026 | AA100: 2.225 | AB100: 20 | AC100: 50.0 | AD100: 200.00 | AE100: false | AF100: https://projects.zoho.com/portal/workload/cv/2?view=all | AG100: https://www.zoho.com/projects/2 | AH100: 9876543202 | AI100: cv2@example.com | AJ100: 2 | AK100: CV multi line 2 second line | AL100: CV single line 2
...

Sheet Verification 08-10-2026
A1: Workload Report vs expected - observed 08-10-2026 (All Users, Allocated Man Days, month periods)
A2: Expected = Monthly Expected (this project, previous import included). Report also contains other projects and UI1-T1, explained in the last column.
A4: Month | B4: User | C4: Report (man-days) | D4: Report (hrs) | E4: Expected (hrs) | F4: Delta (hrs) | G4: Result | H4: Explanation
A5: Oct 2026 | B5: Unassigned | C5: 2.222 | D5: =C5*'Assignment Calc'!$B$1 -> 19.998 | E5: =SUMPRODUCT(('Monthly Expected'!$A$2:$A$100=B5)*('Monthly Expected'!$B$2:$B$100=A5)*'Monthly Expected'!$F$2:$F$100) -> 20 | F5: =ROUND(D5-E5,1) -> 0 | G5: =IF(ABS(F5)<0.2,"Match",IF(ISNUMBER(SEARCH("FINDING",H5)),"Explained - finding","Explained - other data")) -> Match
A6: Oct 2026 | B6: UIAutomation_Workload_Resource | C6: 15.6 | D6: =C6*'Assignment Calc'!$B$1 -> 140.4 | E6: =SUMPRODUCT(('Monthly Expected'!$A$2:$A$100=B6)*('Monthly Expected'!$B$2:$B$100=A6)*'Monthly Expected'!$F$2:$F$100) -> 140.4 | F6: =ROUND(D6-E6,1) -> 0 | G6: =IF(ABS(F6)<0.2,"Match",IF(ISNUMBER(SEARCH("FINDING",H6)),"Explained - finding","Explained - other data")) -> Match
A7: Oct 2026 | B7: Vishal customprofile | C7: 15.333 | D7: =C7*'Assignment Calc'!$B$1 -> 137.997 | E7: =SUMPRODUCT(('Monthly Expected'!$A$2:$A$100=B7)*('Monthly Expected'!$B$2:$B$100=A7)*'Monthly Expected'!$F$2:$F$100) -> 147 | F7: =ROUND(D7-E7,1) -> -9 | G7: =IF(ABS(F7)<0.2,"Match",IF(ISNUMBER(SEARCH("FINDING",H7)),"Explained - finding","Explained - other data")) -> Explained - finding | H7: -9 h FINDING F1 (WL-E05 150 %/day stored as 18:00 = 100 %).
A8: Oct 2026 | B8: Vishal liteuser | C8: 12.25 | D8: =C8*'Assignment Calc'!$B$1 -> 110.25 | E8: =SUMPRODUCT(('Monthly Expected'!$A$2:$A$100=B8)*('Monthly Expected'!$B$2:$B$100=A8)*'Monthly Expected'!$F$2:$F$100) -> 132.75 | F8: =ROUND(D8-E8,1) -> -22.5 | G8: =IF(ABS(F8)<0.2,"Match",IF(ISNUMBER(SEARCH("FINDING",H8)),"Explained - finding","Explained - other data")) -> Explained - finding | H8: -22.5 h FINDING F1 (150 %/day capped to 100 %, Oct over week).
A9: Oct 2026 | B9: vishal PL manager | C9: 38.667 | D9: =C9*'Assignment Calc'!$B$1 -> 348.003 | E9: =SUMPRODUCT(('Monthly Expected'!$A$2:$A$100=B9)*('Monthly Expected'!$B$2:$B$100=A9)*'Monthly Expected'!$F$2:$F$100) -> 219 | F9: =ROUND(D9-E9,1) -> 129 | G9: =IF(ABS(F9)<0.2,"Match",IF(ISNUMBER(SEARCH("FINDING",H9)),"Explained - finding","Explained - other data")) -> Explained - finding | H9: +121 h UI1-T1 / other projects (pre-import 220 h - previous import 99 h); +8 h FINDING F2 (WL-E03 weekend-only task allocates 4 h on Sat 3 + Sun 4 Oct).
A10: Oct 2026 | B10: Vishal PLAdmin | C10: 56.583 | D10: =C10*'Assignment Calc'!$B$1 -> 509.247 | E10: =SUMPRODUCT(('Monthly Expected'!$A$2:$A$100=B10)*('Monthly Expected'!$B$2:$B$100=A10)*'Monthly Expected'!$F$2:$F$100) -> 333.75 | F10: =ROUND(D10-E10,1) -> 175.5 | G10: =IF(ABS(F10)<0.2,"Match",IF(ISNUMBER(SEARCH("FINDING",H10)),"Explained - finding","Explained - other data")) -> Explained - finding | H10: +198 h other projects (pre-import 396 h - previous import 198 h); -22.5 h FINDING F1 (150 %/day capped to 100 %, Oct W2).
A11: Oct 2026 | B11: Vishal plemployee | C11: 15 | D11: =C11*'Assignment Calc'!$B$1 -> 135 | E11: =SUMPRODUCT(('Monthly Expected'!$A$2:$A$100=B11)*('Monthly Expected'!$B$2:$B$100=A11)*'Monthly Expected'!$F$2:$F$100) -> 135 | F11: =ROUND(D11-E11,1) -> 0 | G11: =IF(ABS(F11)<0.2,"Match",IF(ISNUMBER(SEARCH("FINDING",H11)),"Explained - finding","Explained - other data")) -> Match
A12: Oct 2026 | B12: Vishal plreadonly | C12: 13.333 | D12: =C12*'Assignment Calc'!$B$1 -> 119.997 | E12: =SUMPRODUCT(('Monthly Expected'!$A$2:$A$100=B12)*('Monthly Expected'!$B$2:$B$100=A12)*'Monthly Expected'!$F$2:$F$100) -> 120 | F12: =ROUND(D12-E12,1) -> 0 | G12: =IF(ABS(F12)<0.2,"Match",IF(ISNUMBER(SEARCH("FINDING",H12)),"Explained - finding","Explained - other data")) -> Match
A13: Oct 2026 | B13: Vishal workload | C13: 131.333 | D13: =C13*'Assignment Calc'!$B$1 -> 1181.997 | E13: =SUMPRODUCT(('Monthly Expected'!$A$2:$A$100=B13)*('Monthly Expected'!$B$2:$B$100=A13)*'Monthly Expected'!$F$2:$F$100) -> 633 | F13: =ROUND(D13-E13,1) -> 549 | G13: =IF(ABS(F13)<0.2,"Match",IF(ISNUMBER(SEARCH("FINDING",H13)),"Explained - finding","Explained - other data")) -> Explained - other data | H13: Other projects (NI-6, NI-1) = +549 h (pre-import total 1044 h - previous import 495 h).
A14: Nov 2026 | B14: Unassigned | C14: 0 | D14: =C14*'Assignment Calc'!$B$1 -> 0 | E14: =SUMPRODUCT(('Monthly Expected'!$A$2:$A$100=B14)*('Monthly Expected'!$B$2:$B$100=A14)*'Monthly Expected'!$F$2:$F$100) -> 0 | F14: =ROUND(D14-E14,1) -> 0 | G14: =IF(ABS(F14)<0.2,"Match",IF(ISNUMBER(SEARCH("FINDING",H14)),"Explained - finding","Explained - other data")) -> Match
A15: Nov 2026 | B15: UIAutomation_Workload_Resource | C15: 14.333 | D15: =C15*'Assignment Calc'!$B$1 -> 128.997 | E15: =SUMPRODUCT(('Monthly Expected'!$A$2:$A$100=B15)*('Monthly Expected'!$B$2:$B$100=A15)*'Monthly Expected'!$F$2:$F$100) -> 129 | F15: =ROUND(D15-E15,1) -> 0 | G15: =IF(ABS(F15)<0.2,"Match",IF(ISNUMBER(SEARCH("FINDING",H15)),"Explained - finding","Explained - other data")) -> Match
A16: Nov 2026 | B16: Vishal customprofile | C16: 11.25 | D16: =C16*'Assignment Calc'!$B$1 -> 101.25 | E16: =SUMPRODUCT(('Monthly Expected'!$A$2:$A$100=B16)*('Monthly Expected'!$B$2:$B$100=A16)*'Monthly Expected'!$F$2:$F$100) -> 123.75 | F16: =ROUND(D16-E16,1) -> -22.5 | G16: =IF(ABS(F16)<0.2,"Match",IF(ISNUMBER(SEARCH("FINDING",H16)),"Explained - finding","Explained - other data")) -> Explained - finding | H16: -22.5 h FINDING F1 (150 %/day capped, Nov over week).
A17: Nov 2026 | B17: Vishal liteuser | C17: 13.333 | D17: =C17*'Assignment Calc'!$B$1 -> 119.997 | E17: =SUMPRODUCT(('Monthly Expected'!$A$2:$A$100=B17)*('Monthly Expected'!$B$2:$B$100=A17)*'Monthly Expected'!$F$2:$F$100) -> 120 | F17: =ROUND(D17-E17,1) -> 0 | G17: =IF(ABS(F17)<0.2,"Match",IF(ISNUMBER(SEARCH("FINDING",H17)),"Explained - finding","Explained - other data")) -> Match
A18: Nov 2026 | B18: vishal PL manager | C18: 11.75 | D18: =C18*'Assignment Calc'!$B$1 -> 105.75 | E18: =SUMPRODUCT(('Monthly Expected'!$A$2:$A$100=B18)*('Monthly Expected'!$B$2:$B$100=A18)*'Monthly Expected'!$F$2:$F$100) -> 128.25 | F18: =ROUND(D18-E18,1) -> -22.5 | G18: =IF(ABS(F18)<0.2,"Match",IF(ISNUMBER(SEARCH("FINDING",H18)),"Explained - finding","Explained - other data")) -> Explained - finding | H18: -22.5 h FINDING F1 (150 %/day capped, Nov over week).
A19: Nov 2026 | B19: Vishal PLAdmin | C19: 13.333 | D19: =C19*'Assignment Calc'!$B$1 -> 119.997 | E19: =SUMPRODUCT(('Monthly Expected'!$A$2:$A$100=B19)*('Monthly Expected'!$B$2:$B$100=A19)*'Monthly Expected'!$F$2:$F$100) -> 120 | F19: =ROUND(D19-E19,1) -> 0 | G19: =IF(ABS(F19)<0.2,"Match",IF(ISNUMBER(SEARCH("FINDING",H19)),"Explained - finding","Explained - other data")) -> Match
A20: Nov 2026 | B20: Vishal plemployee | C20: 23.833 | D20: =C20*'Assignment Calc'!$B$1 -> 214.497 | E20: =SUMPRODUCT(('Monthly Expected'!$A$2:$A$100=B20)*('Monthly Expected'!$B$2:$B$100=A20)*'Monthly Expected'!$F$2:$F$100) -> 169.5 | F20: =ROUND(D20-E20,1) -> 45 | G20: =IF(ABS(F20)<0.2,"Match",IF(ISNUMBER(SEARCH("FINDING",H20)),"Explained - finding","Explained - other data")) -> Explained - other data | H20: +45 h: two NI-6 tasks at 4:30/day on 2-6 Nov (expanded row, verified).
A21: Nov 2026 | B21: Vishal plreadonly | C21: 16 | D21: =C21*'Assignment Calc'!$B$1 -> 144 | E21: =SUMPRODUCT(('Monthly Expected'!$A$2:$A$100=B21)*('Monthly Expected'!$B$2:$B$100=A21)*'Monthly Expected'!$F$2:$F$100) -> 144 | F21: =ROUND(D21-E21,1) -> 0 | G21: =IF(ABS(F21)<0.2,"Match",IF(ISNUMBER(SEARCH("FINDING",H21)),"Explained - finding","Explained - other data")) -> Match
A22: Nov 2026 | B22: Vishal workload | C22: 20 | D22: =C22*'Assignment Calc'!$B$1 -> 180 | E22: =SUMPRODUCT(('Monthly Expected'!$A$2:$A$100=B22)*('Monthly Expected'!$B$2:$B$100=A22)*'Monthly Expected'!$F$2:$F$100) -> 157.5 | F22: =ROUND(D22-E22,1) -> 22.5 | G22: =IF(ABS(F22)<0.2,"Match",IF(ISNUMBER(SEARCH("FINDING",H22)),"Explained - finding","Explained - other data")) -> Explained - other data | H22: +22.5 h: other project tasks (not expanded - verify).
A23: Dec 2026 | B23: Unassigned | C23: 0 | D23: =C23*'Assignment Calc'!$B$1 -> 0 | E23: =SUMPRODUCT(('Monthly Expected'!$A$2:$A$100=B23)*('Monthly Expected'!$B$2:$B$100=A23)*'Monthly Expected'!$F$2:$F$100) -> 0 | F23: =ROUND(D23-E23,1) -> 0 | G23: =IF(ABS(F23)<0.2,"Match",IF(ISNUMBER(SEARCH("FINDING",H23)),"Explained - finding","Explained - other data")) -> Match
A24: Dec 2026 | B24: UIAutomation_Workload_Resource | C24: 14.25 | D24: =C24*'Assignment Calc'!$B$1 -> 128.25 | E24: =SUMPRODUCT(('Monthly Expected'!$A$2:$A$100=B24)*('Monthly Expected'!$B$2:$B$100=A24)*'Monthly Expected'!$F$2:$F$100) -> 146.25 | F24: =ROUND(D24-E24,1) -> -18 | G24: =IF(ABS(F24)<0.2,"Match",IF(ISNUMBER(SEARCH("FINDING",H24)),"Explained - finding","Explained - other data")) -> Explained - finding | H24: -18 h FINDING F1 (150 %/day capped, Dec 28-31 over week, 4 days).
A25: Dec 2026 | B25: Vishal customprofile | C25: 14.667 | D25: =C25*'Assignment Calc'!$B$1 -> 132.003 | E25: =SUMPRODUCT(('Monthly Expected'!$A$2:$A$100=B25)*('Monthly Expected'!$B$2:$B$100=A25)*'Monthly Expected'!$F$2:$F$100) -> 132 | F25: =ROUND(D25-E25,1) -> 0 | G25: =IF(ABS(F25)<0.2,"Match",IF(ISNUMBER(SEARCH("FINDING",H25)),"Explained - finding","Explained - other data")) -> Match
A26: Dec 2026 | B26: Vishal liteuser | C26: 16.722 | D26: =C26*'Assignment Calc'!$B$1 -> 150.498 | E26: =SUMPRODUCT(('Monthly Expected'!$A$2:$A$100=B26)*('Monthly Expected'!$B$2:$B$100=A26)*'Monthly Expected'!$F$2:$F$100) -> 150.5 | F26: =ROUND(D26-E26,1) -> 0 | G26: =IF(ABS(F26)<0.2,"Match",IF(ISNUMBER(SEARCH("FINDING",H26)),"Explained - finding","Explained - other data")) -> Match
A27: Dec 2026 | B27: vishal PL manager | C27: 19.333 | D27: =C27*'Assignment Calc'!$B$1 -> 173.997 | E27: =SUMPRODUCT(('Monthly Expected'!$A$2:$A$100=B27)*('Monthly Expected'!$B$2:$B$100=A27)*'Monthly Expected'!$F$2:$F$100) -> 151.5 | F27: =ROUND(D27-E27,1) -> 22.5 | G27: =IF(ABS(F27)<0.2,"Match",IF(ISNUMBER(SEARCH("FINDING",H27)),"Explained - finding","Explained - other data")) -> Explained - other data | H27: +22.5 h: NI-6 task 4:30/day on 7-11 Dec (expanded row, verified).
A28: Dec 2026 | B28: Vishal PLAdmin | C28: 15.056 | D28: =C28*'Assignment Calc'!$B$1 -> 135.504 | E28: =SUMPRODUCT(('Monthly Expected'!$A$2:$A$100=B28)*('Monthly Expected'!$B$2:$B$100=A28)*'Monthly Expected'!$F$2:$F$100) -> 135.5 | F28: =ROUND(D28-E28,1) -> 0 | G28: =IF(ABS(F28)<0.2,"Match",IF(ISNUMBER(SEARCH("FINDING",H28)),"Explained - finding","Explained - other data")) -> Match
A29: Dec 2026 | B29: Vishal plemployee | C29: 10.25 | D29: =C29*'Assignment Calc'!$B$1 -> 92.25 | E29: =SUMPRODUCT(('Monthly Expected'!$A$2:$A$100=B29)*('Monthly Expected'!$B$2:$B$100=A29)*'Monthly Expected'!$F$2:$F$100) -> 110.25 | F29: =ROUND(D29-E29,1) -> -18 | G29: =IF(ABS(F29)<0.2,"Match",IF(ISNUMBER(SEARCH("FINDING",H29)),"Explained - finding","Explained - other data")) -> Explained - finding | H29: -18 h FINDING F1 (150 %/day capped, Dec 28-31 over week, 4 days).
A30: Dec 2026 | B30: Vishal plreadonly | C30: 16.333 | D30: =C30*'Assignment Calc'!$B$1 -> 146.997 | E30: =SUMPRODUCT(('Monthly Expected'!$A$2:$A$100=B30)*('Monthly Expected'!$B$2:$B$100=A30)*'Monthly Expected'!$F$2:$F$100) -> 147 | F30: =ROUND(D30-E30,1) -> 0 | G30: =IF(ABS(F30)<0.2,"Match",IF(ISNUMBER(SEARCH("FINDING",H30)),"Explained - finding","Explained - other data")) -> Match
A31: Dec 2026 | B31: Vishal workload | C31: 14.333 | D31: =C31*'Assignment Calc'!$B$1 -> 128.997 | E31: =SUMPRODUCT(('Monthly Expected'!$A$2:$A$100=B31)*('Monthly Expected'!$B$2:$B$100=A31)*'Monthly Expected'!$F$2:$F$100) -> 129 | F31: =ROUND(D31-E31,1) -> 0 | G31: =IF(ABS(F31)<0.2,"Match",IF(ISNUMBER(SEARCH("FINDING",H31)),"Explained - finding","Explained - other data")) -> Match
A33: FINDINGS
A34: F1 | B34: Import caps Work %/day at 100 %. WL-E05 (150 %/day, 2 days) was stored as Work Hours 18:00 instead of 27:00; every 150 %/day row lost 4.5 h/day. No warning in the import wizard.
A35: F2 | B35: A task whose whole range is non-working days (WL-E03, Sat 3 - Sun 4 Oct, 4:00 hrs/day) is allocated 4 h on Saturday and Sunday (0.444d each) although business hours are Mon-Fri.
A36: F3 | B36: Associated Team and Tags columns did not import (checked UI1-T114 and UI1-T15: both empty; file had UIAutomation_Workload_TeamA/B and wl-edge / wl-over). Custom fields, priority, billing, % completed, dates and work hours did import.
A37: F4 | B37: Import creates a new task list even when one with the same name exists (second "Workload CV List" and second "General").
A38: F5 | B38: Importer reads rows from EVERY sheet of the workbook (Scenario Matrix text appeared as statuses) - keep the import file to a single Tasks sheet.
A39: OK | B39: Unassigned task with hours (WL-E10) shows 4:00/day under Unassigned User; resource, read-only and lite users can own tasks; multi-owner hrs and % split correctly (WL-E08, WL-E09); cross-month and weekend-span totals split correctly (WL-E06, WL-E01).

Sheet Read Me
A1: Workload full-coverage import - Q4 2026
A2: Portal / project | B2: customworkload / NI-2 UIAutomation_Workload_Project2
A3: Built | B3: 2026-10-08
A5: SHEETS
A6: Tasks | B6: Copy of the import rows (the file to import is workload_full_coverage_import.xlsx, Tasks sheet only - Zoho imports rows from EVERY sheet, so never import this workbook). Same 38 columns as the original file, all text.
A7: Scenario Matrix | B7: Planned allocation state per user, month and week, plus the edge-case list.
A8: Assignment Calc | B8: One row per task-owner pair. Yellow cells are the settings to edit (availability, include previous import). Blue = values copied from the Tasks sheet / previous file.
A9: Daily Expected | B9: Expected allocated hours per user per day (1 Oct - 31 Dec 2026). Red > availability, green = availability, amber under, grey weekend.
A10: Weekly Expected | B10: Per user per Mon-Sun week: allocated hrs, available hrs, %, state.
A11: Monthly Expected | B11: Per user per month: hrs, man-days, %, closed/cancelled hrs, day counts per state.
A13: COVERAGE
A14: Users | B14: All 7 portal users + the resource UIAutomation_Workload_Resource + Unassigned.
A15: Allocation states | B15: Every user gets Over, Optimal, Under and Unallocated weeks in each of Oct, Nov, Dec (rotated so users differ on the same day).
A16: Work units | B16: hrs/day, %/day and hrs (total) - all three appear for every user across the quarter.
A17: Spans / edges | B17: Weekend span, single day, weekend-only, zero hours, >100 %, cross-month, resource owner, multi-owner (same / different hrs, %), unassigned with and without hours, no dates.
A18: Field values | B18: All 8 statuses, 4 priorities, 3 billing types, teams A/B/both/none, tags per state, 4 new task lists + Workload CV List, 3 custom-field value sets + blank.
A20: ASSUMPTIONS
A21: Availability | B21: Standard Business Hours: Mon-Fri 09:00-18:00 = 9 h/day for all 7 users, no holiday list (Setup > Business Calendar, checked 08-10-2026). Resource assumed the same.
A22: Status handling | B22: Closed and Cancelled tasks are COUNTED (observed in the report on 08-10-2026). Monthly Expected also shows the value excluding them.
A23: Total hours (hrs) | B23: Spread evenly over the working days of the task range.
A24: %/day | B24: Percent of the 9 h availability.
A25: Previous import | B25: The 12 tasks already imported (UI1-T2..T13) are included in the expected values when Assignment Calc!B2 = 1. UI1-T1 and tasks in other projects are NOT included - filter the report by project NI-2 and use the WL task lists.
A26: VERIFY rows | B26: WL-E03 (weekend-only) and WL-E10 (unassigned with hours) have uncertain product behaviour - check them rather than assert.
A28: IMPORT STEPS
A29: 1 | B29: Add Vishal plreadonly, Vishal liteuser, Vishal customprofile and UIAutomation_Workload_Resource to the project first, otherwise their tasks import unassigned.
A30: 2 | B30: Tasks > ... > Import Tasks > XLS/XLSX, upload workload_full_coverage_import.xlsx (NOT this workbook).
A31: 3 | B31: Select date format dd/MM/yyyy.
A32: 4 | B32: Statuses map 1:1. Users: choose "Map the assigned XLS Users to project users".
A33: 5 | B33: Verify with Daily/Weekly/Monthly Expected.

Sheet Scenario Matrix
A1: User | B1: Oct W1 05 Oct-09 Oct | C1: Oct W2 12 Oct-16 Oct | D1: Oct W3 19 Oct-23 Oct | E1: Oct W4 26 Oct-30 Oct | F1: Nov W1 02 Nov-06 Nov | G1: Nov W2 09 Nov-13 Nov | H1: Nov W3 16 Nov-20 Nov | I1: Nov W4 23 Nov-27 Nov | J1: Dec W1 07 Dec-11 Dec | K1: Dec W2 14 Dec-18 Dec | L1: Dec W3 21 Dec-25 Dec | M1: Dec W4 28 Dec-31 Dec
A2: Vishal workload | B2: Over-allocated 6:00/d + 4:30/d | C2: Optimally allocated 9:00/d | D2: Under-allocated 4:30/d | E2: Unallocated no task | F2: Optimally allocated total 9 h/d | G2: Under-allocated 8:30/d | H2: Unallocated task with 0:00 | I2: Over-allocated 5:00/d + 50 %/d | J2: Under-allocated total 3 h/d | K2: Unallocated no task | L2: Over-allocated total 12 h/d | M2: Optimally allocated total 4.5 h/d + 4:30/d
A3: Vishal PLAdmin | B3: Optimally allocated 100 %/d | C3: Under-allocated 25 %/d | D3: Unallocated no task | E3: Over-allocated 150 %/d | F3: Under-allocated 4:30/d | G3: Unallocated no task | H3: Over-allocated 6:00/d + 4:30/d | I3: Optimally allocated 9:00/d | J3: Unallocated task with 0:00 | K3: Over-allocated 5:00/d + 50 %/d | L3: Optimally allocated total 9 h/d | M3: Under-allocated 8:30/d
A4: vishal PL manager | B4: Under-allocated total 3 h/d | C4: Unallocated no task | D4: Over-allocated total 12 h/d | E4: Optimally allocated total 4.5 h/d + 4:30/d | F4: Unallocated no task | G4: Over-allocated 150 %/d | H4: Optimally allocated 100 %/d | I4: Under-allocated 25 %/d | J4: Over-allocated 6:00/d + 4:30/d | K4: Optimally allocated 9:00/d | L4: Under-allocated 4:30/d | M4: Unallocated no task
A5: Vishal plemployee | B5: Unallocated task with 0:00 | C5: Over-allocated 5:00/d + 50 %/d | D5: Optimally allocated total 9 h/d | E5: Under-allocated 8:30/d | F5: Over-allocated total 12 h/d | G5: Optimally allocated total 4.5 h/d + 4:30/d | H5: Under-allocated total 3 h/d | I5: Unallocated no task | J5: Optimally allocated 100 %/d | K5: Under-allocated 25 %/d | L5: Unallocated no task | M5: Over-allocated 150 %/d
A6: Vishal plreadonly | B6: Over-allocated 6:00/d + 4:30/d | C6: Optimally allocated 9:00/d | D6: Under-allocated 4:30/d | E6: Unallocated no task | F6: Optimally allocated total 9 h/d | G6: Under-allocated 8:30/d | H6: Unallocated task with 0:00 | I6: Over-allocated 5:00/d + 50 %/d | J6: Under-allocated total 3 h/d | K6: Unallocated no task | L6: Over-allocated total 12 h/d | M6: Optimally allocated total 4.5 h/d + 4:30/d
A7: Vishal liteuser | B7: Optimally allocated 100 %/d | C7: Under-allocated 25 %/d | D7: Unallocated no task | E7: Over-allocated 150 %/d | F7: Under-allocated 4:30/d | G7: Unallocated no task | H7: Over-allocated 6:00/d + 4:30/d | I7: Optimally allocated 9:00/d | J7: Unallocated task with 0:00 | K7: Over-allocated 5:00/d + 50 %/d | L7: Optimally allocated total 9 h/d | M7: Under-allocated 8:30/d
A8: Vishal customprofile | B8: Under-allocated total 3 h/d | C8: Unallocated no task | D8: Over-allocated total 12 h/d | E8: Optimally allocated total 4.5 h/d + 4:30/d | F8: Unallocated no task | G8: Over-allocated 150 %/d | H8: Optimally allocated 100 %/d | I8: Under-allocated 25 %/d | J8: Over-allocated 6:00/d + 4:30/d | K8: Optimally allocated 9:00/d | L8: Under-allocated 4:30/d | M8: Unallocated no task
A9: UIAutomation_Workload_Resource | B9: Unallocated task with 0:00 | C9: Over-allocated 5:00/d + 50 %/d | D9: Optimally allocated total 9 h/d | E9: Under-allocated 8:30/d | F9: Over-allocated total 12 h/d | G9: Optimally allocated total 4.5 h/d + 4:30/d | H9: Under-allocated total 3 h/d | I9: Unallocated no task | J9: Optimally allocated 100 %/d | K9: Under-allocated 25 %/d | L9: Unallocated no task | M9: Over-allocated 150 %/d
A11: Edge case | B11: Owners | C11: Unit | D11: Start | E11: Due | F11: Scenario | G11: Expected
A12: WL-E01 Weekend span total hours - Vishal workload | B12: Vishal workload (18) | C12: hrs | D12: 01/10/2026 | E12: 04/10/2026 | F12: Thu-Sun span, 18 h total spread over working days only | G12: 9:00 on Thu 1 Oct and Fri 2 Oct; 0 on Sat/Sun
A13: WL-E02 Single-day total hours - Vishal PLAdmin | B13: Vishal PLAdmin (12) | C13: hrs | D13: 01/10/2026 | E13: 01/10/2026 | F13: Single day task, 12 h total | G13: 12:00 on 1 Oct = 133.33 % (over)
A14: WL-E03 Weekend-only task - vishal PL manager | B14: vishal PL manager (4) | C14: hrs/day | D14: 03/10/2026 | E14: 04/10/2026 | F14: Starts and ends on non-working days (Sat-Sun) | G14: VERIFY: 0 h expected (no working days in range)
A15: WL-E04 Zero-hour owned task - Vishal plemployee | B15: Vishal plemployee (0) | C15: hrs | D15: 01/10/2026 | E15: 02/10/2026 | F15: Owner set, work 00:00 | G15: Task listed under user, 0 h allocated
A16: WL-E05 150 percent per day - Vishal customprofile | B16: Vishal customprofile (150) | C16: %/day | D16: 01/10/2026 | E16: 02/10/2026 | F16: %/day above 100 | G16: 13:30 per day on 1-2 Oct (over)
A17: WL-E06 Cross-month total hours - Vishal plreadonly | B17: Vishal plreadonly (45) | C17: hrs | D17: 30/11/2026 | E17: 04/12/2026 | F17: Mon 30 Nov - Fri 4 Dec, 45 h total | G17: 9:00/day; Nov gets 9 h, Dec gets 36 h
A18: WL-E07 Resource cross-month - UIAutomation_Workload_Resource | B18: UIAutomation_Workload_Resource (9) | C18: hrs/day | D18: 30/11/2026 | E18: 04/12/2026 | F18: Resource as owner, crosses month end | G18: 9:00/day 30 Nov - 4 Dec (optimal)
A19: WL-E08 Multi-owner different hours - Vishal liteuser and Vishal customprofile | B19: Vishal liteuser (6), Vishal customprofile (3) | C19: hrs/day | D19: 01/12/2026 | E19: 04/12/2026 | F19: Two owners, different hrs/day | G19: liteuser 6:00/day, customprofile 3:00/day on 1-4 Dec
A20: WL-E09 Multi-owner percent - Vishal workload, Vishal PLAdmin, vishal PL manager | B20: Vishal workload (50), Vishal PLAdmin (25), vishal PL manager (25) | C20: %/day | D20: 01/12/2026 | E20: 04/12/2026 | F20: Three owners, different %/day | G20: workload 4:30, PLAdmin 2:15, PL manager 2:15 per day on 1-4 Dec
A21: WL-E10 Unassigned task with hours | B21: Unassigned (4) | C21: hrs/day | D21: 05/10/2026 | E21: 09/10/2026 | F21: No owner, 4:00/day | G21: VERIFY: Unassigned User row shows 4:00/day 5-9 Oct (or 0 if hours are dropped without owner)
A22: WL-E11 Unassigned task without hours | B22: Unassigned (0) | C22: hrs | D22: 02/11/2026 | E22: 06/11/2026 | F22: No owner, no work | G22: Unassigned User task count +1, 0 h
A23: WL-E12 No dates task - Vishal workload | B23: Vishal workload (10) | C23: hrs | F23: Owner and 10 h total but no start/due date | G23: Not shown on any date in the Workload Report
A24: WL-E13 Single Friday full day - Vishal liteuser | B24: Vishal liteuser (9) | C24: hrs/day | D24: 02/10/2026 | E24: 02/10/2026 | F24: Single working day | G24: 9:00 on Fri 2 Oct (optimal)
A25: WL-E14 60 percent single day - UIAutomation_Workload_Resource | B25: UIAutomation_Workload_Resource (60) | C25: %/day | D25: 01/10/2026 | E25: 01/10/2026 | F25: Resource, %/day below 100 | G25: 5:24 on 1 Oct (under)
A26: WL-E15 Multi-owner same hours - vishal PL manager and Vishal plemployee | B26: vishal PL manager (4.5), Vishal plemployee (4.5) | C26: hrs/day | D26: 30/11/2026 | E26: 30/11/2026 | F26: Two owners, same hrs/day, single day | G26: 4:30 each on Mon 30 Nov (under)

Sheet Assignment Calc
A1: Availability (hrs/day) | B1: 9 | C1: Source: Setup > Business Calendar > Standard Business Hours (Mon-Fri 09:00-18:00), checked 08-10-2026
A2: Include previous import (1 = yes, 0 = no) | B2: 1 | C2: Previous import = the 12 tasks from the original file (UI1-T2..UI1-T13)
A4: Source | B4: Tasks row | C4: Task name | D4: Owner (report row) | E4: Status | F4: Unit | G4: Owner value | H4: Start | I4: Due | J4: Working days | K4: Hrs / working day | L4: Include | M4: Closed/Cancelled | N4: Hours in range
A5: New file | B5: 2 | C5: =Tasks!A2 -> WL Oct W1 Over-allocated (1 of 2) - Vishal workload | D5: Vishal workload | E5: =Tasks!C2 -> Open | F5: =Tasks!O2 -> hrs/day | G5: 6 | H5: =IF(Tasks!F2="","",DATE(RIGHT(Tasks!F2,4),MID(Tasks!F2,4,2),LEFT(Tasks!F2,2))) -> 46300 | I5: =IF(Tasks!G2="","",DATE(RIGHT(Tasks!G2,4),MID(Tasks!G2,4,2),LEFT(Tasks!G2,2))) -> 46304 | J5: =IF(H5="",0,NETWORKDAYS(H5,I5)) -> 5 | K5: =IF(OR(H5="",J5=0),0,IF(F5="hrs/day",G5,IF(F5="%/day",G5/100*$B$1,G5/J5))) -> 6 | L5: =IF(A5="Previous import",$B$2,1) -> 1 | M5: =IF(OR(E5="Closed",E5="Cancelled"),1,0) -> 0 | N5: =K5*J5*L5 -> 30
A6: New file | B6: 3 | C6: =Tasks!A3 -> WL Oct W1 Over-allocated (2 of 2) - Vishal workload | D6: Vishal workload | E6: =Tasks!C3 -> In Progress | F6: =Tasks!O3 -> hrs/day | G6: 4.5 | H6: =IF(Tasks!F3="","",DATE(RIGHT(Tasks!F3,4),MID(Tasks!F3,4,2),LEFT(Tasks!F3,2))) -> 46300 | I6: =IF(Tasks!G3="","",DATE(RIGHT(Tasks!G3,4),MID(Tasks!G3,4,2),LEFT(Tasks!G3,2))) -> 46304 | J6: =IF(H6="",0,NETWORKDAYS(H6,I6)) -> 5 | K6: =IF(OR(H6="",J6=0),0,IF(F6="hrs/day",G6,IF(F6="%/day",G6/100*$B$1,G6/J6))) -> 4.5 | L6: =IF(A6="Previous import",$B$2,1) -> 1 | M6: =IF(OR(E6="Closed",E6="Cancelled"),1,0) -> 0 | N6: =K6*J6*L6 -> 22.5
A7: New file | B7: 4 | C7: =Tasks!A4 -> WL Oct W2 Optimally allocated - Vishal workload | D7: Vishal workload | E7: =Tasks!C4 -> In Review | F7: =Tasks!O4 -> hrs/day | G7: 9 | H7: =IF(Tasks!F4="","",DATE(RIGHT(Tasks!F4,4),MID(Tasks!F4,4,2),LEFT(Tasks!F4,2))) -> 46307 | I7: =IF(Tasks!G4="","",DATE(RIGHT(Tasks!G4,4),MID(Tasks!G4,4,2),LEFT(Tasks!G4,2))) -> 46311 | J7: =IF(H7="",0,NETWORKDAYS(H7,I7)) -> 5 | K7: =IF(OR(H7="",J7=0),0,IF(F7="hrs/day",G7,IF(F7="%/day",G7/100*$B$1,G7/J7))) -> 9 | L7: =IF(A7="Previous import",$B$2,1) -> 1 | M7: =IF(OR(E7="Closed",E7="Cancelled"),1,0) -> 0 | N7: =K7*J7*L7 -> 45
A8: New file | B8: 5 | C8: =Tasks!A5 -> WL Oct W3 Under-allocated - Vishal workload | D8: Vishal workload | E8: =Tasks!C5 -> To be Tested | F8: =Tasks!O5 -> hrs/day | G8: 4.5 | H8: =IF(Tasks!F5="","",DATE(RIGHT(Tasks!F5,4),MID(Tasks!F5,4,2),LEFT(Tasks!F5,2))) -> 46314 | I8: =IF(Tasks!G5="","",DATE(RIGHT(Tasks!G5,4),MID(Tasks!G5,4,2),LEFT(Tasks!G5,2))) -> 46318 | J8: =IF(H8="",0,NETWORKDAYS(H8,I8)) -> 5 | K8: =IF(OR(H8="",J8=0),0,IF(F8="hrs/day",G8,IF(F8="%/day",G8/100*$B$1,G8/J8))) -> 4.5 | L8: =IF(A8="Previous import",$B$2,1) -> 1 | M8: =IF(OR(E8="Closed",E8="Cancelled"),1,0) -> 0 | N8: =K8*J8*L8 -> 22.5
A9: New file | B9: 6 | C9: =Tasks!A6 -> WL Nov W1 Optimally allocated - Vishal workload | D9: Vishal workload | E9: =Tasks!C6 -> On Hold | F9: =Tasks!O6 -> hrs | G9: 45 | H9: =IF(Tasks!F6="","",DATE(RIGHT(Tasks!F6,4),MID(Tasks!F6,4,2),LEFT(Tasks!F6,2))) -> 46328 | I9: =IF(Tasks!G6="","",DATE(RIGHT(Tasks!G6,4),MID(Tasks!G6,4,2),LEFT(Tasks!G6,2))) -> 46332 | J9: =IF(H9="",0,NETWORKDAYS(H9,I9)) -> 5 | K9: =IF(OR(H9="",J9=0),0,IF(F9="hrs/day",G9,IF(F9="%/day",G9/100*$B$1,G9/J9))) -> 9 | L9: =IF(A9="Previous import",$B$2,1) -> 1 | M9: =IF(OR(E9="Closed",E9="Cancelled"),1,0) -> 0 | N9: =K9*J9*L9 -> 45
A10: New file | B10: 7 | C10: =Tasks!A7 -> WL Nov W2 Under-allocated - Vishal workload | D10: Vishal workload | E10: =Tasks!C7 -> Delayed | F10: =Tasks!O7 -> hrs/day | G10: 8.5 | H10: =IF(Tasks!F7="","",DATE(RIGHT(Tasks!F7,4),MID(Tasks!F7,4,2),LEFT(Tasks!F7,2))) -> 46335 | I10: =IF(Tasks!G7="","",DATE(RIGHT(Tasks!G7,4),MID(Tasks!G7,4,2),LEFT(Tasks!G7,2))) -> 46339 | J10: =IF(H10="",0,NETWORKDAYS(H10,I10)) -> 5 | K10: =IF(OR(H10="",J10=0),0,IF(F10="hrs/day",G10,IF(F10="%/day",G10/100*$B$1,G10/J10))) -> 8.5 | L10: =IF(A10="Previous import",$B$2,1) -> 1 | M10: =IF(OR(E10="Closed",E10="Cancelled"),1,0) -> 0 | N10: =K10*J10*L10 -> 42.5
A11: New file | B11: 8 | C11: =Tasks!A8 -> WL Nov W3 Unallocated - Vishal workload | D11: Vishal workload | E11: =Tasks!C8 -> Closed | F11: =Tasks!O8 -> hrs/day | G11: 0 | H11: =IF(Tasks!F8="","",DATE(RIGHT(Tasks!F8,4),MID(Tasks!F8,4,2),LEFT(Tasks!F8,2))) -> 46342 | I11: =IF(Tasks!G8="","",DATE(RIGHT(Tasks!G8,4),MID(Tasks!G8,4,2),LEFT(Tasks!G8,2))) -> 46346 | J11: =IF(H11="",0,NETWORKDAYS(H11,I11)) -> 5 | K11: =IF(OR(H11="",J11=0),0,IF(F11="hrs/day",G11,IF(F11="%/day",G11/100*$B$1,G11/J11))) -> 0 | L11: =IF(A11="Previous import",$B$2,1) -> 1 | M11: =IF(OR(E11="Closed",E11="Cancelled"),1,0) -> 1 | N11: =K11*J11*L11 -> 0
A12: New file | B12: 9 | C12: =Tasks!A9 -> WL Nov W4 Over-allocated (1 of 2) - Vishal workload | D12: Vishal workload | E12: =Tasks!C9 -> Cancelled | F12: =Tasks!O9 -> hrs/day | G12: 5 | H12: =IF(Tasks!F9="","",DATE(RIGHT(Tasks!F9,4),MID(Tasks!F9,4,2),LEFT(Tasks!F9,2))) -> 46349 | I12: =IF(Tasks!G9="","",DATE(RIGHT(Tasks!G9,4),MID(Tasks!G9,4,2),LEFT(Tasks!G9,2))) -> 46353 | J12: =IF(H12="",0,NETWORKDAYS(H12,I12)) -> 5 | K12: =IF(OR(H12="",J12=0),0,IF(F12="hrs/day",G12,IF(F12="%/day",G12/100*$B$1,G12/J12))) -> 5 | L12: =IF(A12="Previous import",$B$2,1) -> 1 | M12: =IF(OR(E12="Closed",E12="Cancelled"),1,0) -> 1 | N12: =K12*J12*L12 -> 25
A13: New file | B13: 10 | C13: =Tasks!A10 -> WL Nov W4 Over-allocated (2 of 2) - Vishal workload | D13: Vishal workload | E13: =Tasks!C10 -> Open | F13: =Tasks!O10 -> %/day | G13: 50 | H13: =IF(Tasks!F10="","",DATE(RIGHT(Tasks!F10,4),MID(Tasks!F10,4,2),LEFT(Tasks!F10,2))) -> 46349 | I13: =IF(Tasks!G10="","",DATE(RIGHT(Tasks!G10,4),MID(Tasks!G10,4,2),LEFT(Tasks!G10,2))) -> 46353 | J13: =IF(H13="",0,NETWORKDAYS(H13,I13)) -> 5 | K13: =IF(OR(H13="",J13=0),0,IF(F13="hrs/day",G13,IF(F13="%/day",G13/100*$B$1,G13/J13))) -> 4.5 | L13: =IF(A13="Previous import",$B$2,1) -> 1 | M13: =IF(OR(E13="Closed",E13="Cancelled"),1,0) -> 0 | N13: =K13*J13*L13 -> 22.5
A14: New file | B14: 11 | C14: =Tasks!A11 -> WL Dec W1 Under-allocated - Vishal workload | D14: Vishal workload | E14: =Tasks!C11 -> In Progress | F14: =Tasks!O11 -> hrs | G14: 15 | H14: =IF(Tasks!F11="","",DATE(RIGHT(Tasks!F11,4),MID(Tasks!F11,4,2),LEFT(Tasks!F11,2))) -> 46363 | I14: =IF(Tasks!G11="","",DATE(RIGHT(Tasks!G11,4),MID(Tasks!G11,4,2),LEFT(Tasks!G11,2))) -> 46367 | J14: =IF(H14="",0,NETWORKDAYS(H14,I14)) -> 5 | K14: =IF(OR(H14="",J14=0),0,IF(F14="hrs/day",G14,IF(F14="%/day",G14/100*$B$1,G14/J14))) -> 3 | L14: =IF(A14="Previous import",$B$2,1) -> 1 | M14: =IF(OR(E14="Closed",E14="Cancelled"),1,0) -> 0 | N14: =K14*J14*L14 -> 15
A15: New file | B15: 12 | C15: =Tasks!A12 -> WL Dec W3 Over-allocated - Vishal workload | D15: Vishal workload | E15: =Tasks!C12 -> In Review | F15: =Tasks!O12 -> hrs | G15: 60 | H15: =IF(Tasks!F12="","",DATE(RIGHT(Tasks!F12,4),MID(Tasks!F12,4,2),LEFT(Tasks!F12,2))) -> 46377 | I15: =IF(Tasks!G12="","",DATE(RIGHT(Tasks!G12,4),MID(Tasks!G12,4,2),LEFT(Tasks!G12,2))) -> 46381 | J15: =IF(H15="",0,NETWORKDAYS(H15,I15)) -> 5 | K15: =IF(OR(H15="",J15=0),0,IF(F15="hrs/day",G15,IF(F15="%/day",G15/100*$B$1,G15/J15))) -> 12 | L15: =IF(A15="Previous import",$B$2,1) -> 1 | M15: =IF(OR(E15="Closed",E15="Cancelled"),1,0) -> 0 | N15: =K15*J15*L15 -> 60
A16: New file | B16: 13 | C16: =Tasks!A13 -> WL Dec W4 Optimally allocated (1 of 2) - Vishal workload | D16: Vishal workload | E16: =Tasks!C13 -> To be Tested | F16: =Tasks!O13 -> hrs | G16: 18 | H16: =IF(Tasks!F13="","",DATE(RIGHT(Tasks!F13,4),MID(Tasks!F13,4,2),LEFT(Tasks!F13,2))) -> 46384 | I16: =IF(Tasks!G13="","",DATE(RIGHT(Tasks!G13,4),MID(Tasks!G13,4,2),LEFT(Tasks!G13,2))) -> 46387 | J16: =IF(H16="",0,NETWORKDAYS(H16,I16)) -> 4 | K16: =IF(OR(H16="",J16=0),0,IF(F16="hrs/day",G16,IF(F16="%/day",G16/100*$B$1,G16/J16))) -> 4.5 | L16: =IF(A16="Previous import",$B$2,1) -> 1 | M16: =IF(OR(E16="Closed",E16="Cancelled"),1,0) -> 0 | N16: =K16*J16*L16 -> 18
... A108: New file | B108: 105 | C108: =Tasks!A105 -> WL-E08 Multi-owner different hours - Vishal liteuser and Vishal customprofile | D108: Vishal liteuser | E108: =Tasks!C105 -> Cancelled | F108: =Tasks!O105 -> hrs/day | G108: 6 | H108: =IF(Tasks!F105="","",DATE(RIGHT(Tasks!F105,4),MID(Tasks!F105,4,2),LEFT(Tasks!F105,2))) -> 46357 | I108: =IF(Tasks!G105="","",DATE(RIGHT(Tasks!G105,4),MID(Tasks!G105,4,2),LEFT(Tasks!G105,2))) -> 46360 | J108: =IF(H108="",0,NETWORKDAYS(H108,I108)) -> 4 | K108: =IF(OR(H108="",J108=0),0,IF(F108="hrs/day",G108,IF(F108="%/day",G108/100*$B$1,G108/J108))) -> 6 | L108: =IF(A108="Previous import",$B$2,1) -> 1 | M108: =IF(OR(E108="Closed",E108="Cancelled"),1,0) -> 1 | N108: =K108*J108*L108 -> 24
A109: New file | B109: 105 | C109: =Tasks!A105 -> WL-E08 Multi-owner different hours - Vishal liteuser and Vishal customprofile | D109: Vishal customprofile | E109: =Tasks!C105 -> Cancelled | F109: =Tasks!O105 -> hrs/day | G109: 3 | H109: =IF(Tasks!F105="","",DATE(RIGHT(Tasks!F105,4),MID(Tasks!F105,4,2),LEFT(Tasks!F105,2))) -> 46357 | I109: =IF(Tasks!G105="","",DATE(RIGHT(Tasks!G105,4),MID(Tasks!G105,4,2),LEFT(Tasks!G105,2))) -> 46360 | J109: =IF(H109="",0,NETWORKDAYS(H109,I109)) -> 4 | K109: =IF(OR(H109="",J109=0),0,IF(F109="hrs/day",G109,IF(F109="%/day",G109/100*$B$1,G109/J109))) -> 3 | L109: =IF(A109="Previous import",$B$2,1) -> 1 | M109: =IF(OR(E109="Closed",E109="Cancelled"),1,0) -> 1 | N109: =K109*J109*L109 -> 12
A110: New file | B110: 106 | C110: =Tasks!A106 -> WL-E09 Multi-owner percent - Vishal workload, Vishal PLAdmin, vishal PL manager | D110: Vishal workload | E110: =Tasks!C106 -> Open | F110: =Tasks!O106 -> %/day | G110: 50 | H110: =IF(Tasks!F106="","",DATE(RIGHT(Tasks!F106,4),MID(Tasks!F106,4,2),LEFT(Tasks!F106,2))) -> 46357 | I110: =IF(Tasks!G106="","",DATE(RIGHT(Tasks!G106,4),MID(Tasks!G106,4,2),LEFT(Tasks!G106,2))) -> 46360 | J110: =IF(H110="",0,NETWORKDAYS(H110,I110)) -> 4 | K110: =IF(OR(H110="",J110=0),0,IF(F110="hrs/day",G110,IF(F110="%/day",G110/100*$B$1,G110/J110))) -> 4.5 | L110: =IF(A110="Previous import",$B$2,1) -> 1 | M110: =IF(OR(E110="Closed",E110="Cancelled"),1,0) -> 0 | N110: =K110*J110*L110 -> 18
A111: New file | B111: 106 | C111: =Tasks!A106 -> WL-E09 Multi-owner percent - Vishal workload, Vishal PLAdmin, vishal PL manager | D111: Vishal PLAdmin | E111: =Tasks!C106 -> Open | F111: =Tasks!O106 -> %/day | G111: 25 | H111: =IF(Tasks!F106="","",DATE(RIGHT(Tasks!F106,4),MID(Tasks!F106,4,2),LEFT(Tasks!F106,2))) -> 46357 | I111: =IF(Tasks!G106="","",DATE(RIGHT(Tasks!G106,4),MID(Tasks!G106,4,2),LEFT(Tasks!G106,2))) -> 46360 | J111: =IF(H111="",0,NETWORKDAYS(H111,I111)) -> 4 | K111: =IF(OR(H111="",J111=0),0,IF(F111="hrs/day",G111,IF(F111="%/day",G111/100*$B$1,G111/J111))) -> 2.25 | L111: =IF(A111="Previous import",$B$2,1) -> 1 | M111: =IF(OR(E111="Closed",E111="Cancelled"),1,0) -> 0 | N111: =K111*J111*L111 -> 9
A112: New file | B112: 106 | C112: =Tasks!A106 -> WL-E09 Multi-owner percent - Vishal workload, Vishal PLAdmin, vishal PL manager | D112: vishal PL manager | E112: =Tasks!C106 -> Open | F112: =Tasks!O106 -> %/day | G112: 25 | H112: =IF(Tasks!F106="","",DATE(RIGHT(Tasks!F106,4),MID(Tasks!F106,4,2),LEFT(Tasks!F106,2))) -> 46357 | I112: =IF(Tasks!G106="","",DATE(RIGHT(Tasks!G106,4),MID(Tasks!G106,4,2),LEFT(Tasks!G106,2))) -> 46360 | J112: =IF(H112="",0,NETWORKDAYS(H112,I112)) -> 4 | K112: =IF(OR(H112="",J112=0),0,IF(F112="hrs/day",G112,IF(F112="%/day",G112/100*$B$1,G112/J112))) -> 2.25 | L112: =IF(A112="Previous import",$B$2,1) -> 1 | M112: =IF(OR(E112="Closed",E112="Cancelled"),1,0) -> 0 | N112: =K112*J112*L112 -> 9
A113: New file | B113: 107 | C113: =Tasks!A107 -> WL-E10 Unassigned task with hours | D113: Unassigned | E113: =Tasks!C107 -> In Progress | F113: =Tasks!O107 -> hrs/day | G113: 4 | H113: =IF(Tasks!F107="","",DATE(RIGHT(Tasks!F107,4),MID(Tasks!F107,4,2),LEFT(Tasks!F107,2))) -> 46300 | I113: =IF(Tasks!G107="","",DATE(RIGHT(Tasks!G107,4),MID(Tasks!G107,4,2),LEFT(Tasks!G107,2))) -> 46304 | J113: =IF(H113="",0,NETWORKDAYS(H113,I113)) -> 5 | K113: =IF(OR(H113="",J113=0),0,IF(F113="hrs/day",G113,IF(F113="%/day",G113/100*$B$1,G113/J113))) -> 4 | L113: =IF(A113="Previous import",$B$2,1) -> 1 | M113: =IF(OR(E113="Closed",E113="Cancelled"),1,0) -> 0 | N113: =K113*J113*L113 -> 20
A114: New file | B114: 108 | C114: =Tasks!A108 -> WL-E11 Unassigned task without hours | D114: Unassigned | E114: =Tasks!C108 -> In Review | F114: =Tasks!O108 -> hrs | G114: 0 | H114: =IF(Tasks!F108="","",DATE(RIGHT(Tasks!F108,4),MID(Tasks!F108,4,2),LEFT(Tasks!F108,2))) -> 46328 | I114: =IF(Tasks!G108="","",DATE(RIGHT(Tasks!G108,4),MID(Tasks!G108,4,2),LEFT(Tasks!G108,2))) -> 46332 | J114: =IF(H114="",0,NETWORKDAYS(H114,I114)) -> 5 | K114: =IF(OR(H114="",J114=0),0,IF(F114="hrs/day",G114,IF(F114="%/day",G114/100*$B$1,G114/J114))) -> 0 | L114: =IF(A114="Previous import",$B$2,1) -> 1 | M114: =IF(OR(E114="Closed",E114="Cancelled"),1,0) -> 0 | N114: =K114*J114*L114 -> 0
A115: New file | B115: 109 | C115: =Tasks!A109 -> WL-E12 No dates task - Vishal workload | D115: Vishal workload | E115: =Tasks!C109 -> To be Tested | F115: =Tasks!O109 -> hrs | G115: 10 | H115: =IF(Tasks!F109="","",DATE(RIGHT(Tasks!F109,4),MID(Tasks!F109,4,2),LEFT(Tasks!F109,2))) | I115: =IF(Tasks!G109="","",DATE(RIGHT(Tasks!G109,4),MID(Tasks!G109,4,2),LEFT(Tasks!G109,2))) | J115: =IF(H115="",0,NETWORKDAYS(H115,I115)) -> 0 | K115: =IF(OR(H115="",J115=0),0,IF(F115="hrs/day",G115,IF(F115="%/day",G115/100*$B$1,G115/J115))) -> 0 | L115: =IF(A115="Previous import",$B$2,1) -> 1 | M115: =IF(OR(E115="Closed",E115="Cancelled"),1,0) -> 0 | N115: =K115*J115*L115 -> 0
A116: New file | B116: 110 | C116: =Tasks!A110 -> WL-E13 Single Friday full day - Vishal liteuser | D116: Vishal liteuser | E116: =Tasks!C110 -> On Hold | F116: =Tasks!O110 -> hrs/day | G116: 9 | H116: =IF(Tasks!F110="","",DATE(RIGHT(Tasks!F110,4),MID(Tasks!F110,4,2),LEFT(Tasks!F110,2))) -> 46297 | I116: =IF(Tasks!G110="","",DATE(RIGHT(Tasks!G110,4),MID(Tasks!G110,4,2),LEFT(Tasks!G110,2))) -> 46297 | J116: =IF(H116="",0,NETWORKDAYS(H116,I116)) -> 1 | K116: =IF(OR(H116="",J116=0),0,IF(F116="hrs/day",G116,IF(F116="%/day",G116/100*$B$1,G116/J116))) -> 9 | L116: =IF(A116="Previous import",$B$2,1) -> 1 | M116: =IF(OR(E116="Closed",E116="Cancelled"),1,0) -> 0 | N116: =K116*J116*L116 -> 9
A117: New file | B117: 111 | C117: =Tasks!A111 -> WL-E14 60 percent single day - UIAutomation_Workload_Resource | D117: UIAutomation_Workload_Resource | E117: =Tasks!C111 -> Delayed | F117: =Tasks!O111 -> %/day | G117: 60 | H117: =IF(Tasks!F111="","",DATE(RIGHT(Tasks!F111,4),MID(Tasks!F111,4,2),LEFT(Tasks!F111,2))) -> 46296 | I117: =IF(Tasks!G111="","",DATE(RIGHT(Tasks!G111,4),MID(Tasks!G111,4,2),LEFT(Tasks!G111,2))) -> 46296 | J117: =IF(H117="",0,NETWORKDAYS(H117,I117)) -> 1 | K117: =IF(OR(H117="",J117=0),0,IF(F117="hrs/day",G117,IF(F117="%/day",G117/100*$B$1,G117/J117))) -> 5.4 | L117: =IF(A117="Previous import",$B$2,1) -> 1 | M117: =IF(OR(E117="Closed",E117="Cancelled"),1,0) -> 0 | N117: =K117*J117*L117 -> 5.4
A118: New file | B118: 112 | C118: =Tasks!A112 -> WL-E15 Multi-owner same hours - vishal PL manager and Vishal plemployee | D118: vishal PL manager | E118: =Tasks!C112 -> Closed | F118: =Tasks!O112 -> hrs/day | G118: 4.5 | H118: =IF(Tasks!F112="","",DATE(RIGHT(Tasks!F112,4),MID(Tasks!F112,4,2),LEFT(Tasks!F112,2))) -> 46356 | I118: =IF(Tasks!G112="","",DATE(RIGHT(Tasks!G112,4),MID(Tasks!G112,4,2),LEFT(Tasks!G112,2))) -> 46356 | J118: =IF(H118="",0,NETWORKDAYS(H118,I118)) -> 1 | K118: =IF(OR(H118="",J118=0),0,IF(F118="hrs/day",G118,IF(F118="%/day",G118/100*$B$1,G118/J118))) -> 4.5 | L118: =IF(A118="Previous import",$B$2,1) -> 1 | M118: =IF(OR(E118="Closed",E118="Cancelled"),1,0) -> 1 | N118: =K118*J118*L118 -> 4.5
A119: New file | B119: 112 | C119: =Tasks!A112 -> WL-E15 Multi-owner same hours - vishal PL manager and Vishal plemployee | D119: Vishal plemployee | E119: =Tasks!C112 -> Closed | F119: =Tasks!O112 -> hrs/day | G119: 4.5 | H119: =IF(Tasks!F112="","",DATE(RIGHT(Tasks!F112,4),MID(Tasks!F112,4,2),LEFT(Tasks!F112,2))) -> 46356 | I119: =IF(Tasks!G112="","",DATE(RIGHT(Tasks!G112,4),MID(Tasks!G112,4,2),LEFT(Tasks!G112,2))) -> 46356 | J119: =IF(H119="",0,NETWORKDAYS(H119,I119)) -> 1 | K119: =IF(OR(H119="",J119=0),0,IF(F119="hrs/day",G119,IF(F119="%/day",G119/100*$B$1,G119/J119))) -> 4.5 | L119: =IF(A119="Previous import",$B$2,1) -> 1 | M119: =IF(OR(E119="Closed",E119="Cancelled"),1,0) -> 1 | N119: =K119*J119*L119 -> 4.5
A120: Previous import | C120: CV Over-allocated 1 of 3 - Vishal workload | D120: Vishal workload | E120: Open | F120: hrs/day | G120: 4.5 | H120: 46296 | I120: 46326 | J120: =IF(H120="",0,NETWORKDAYS(H120,I120)) -> 22 | K120: =IF(OR(H120="",J120=0),0,IF(F120="hrs/day",G120,IF(F120="%/day",G120/100*$B$1,G120/J120))) -> 4.5 | L120: =IF(A120="Previous import",$B$2,1) -> 1 | M120: =IF(OR(E120="Closed",E120="Cancelled"),1,0) -> 0 | N120: =K120*J120*L120 -> 99
A121: Previous import | C121: CV Over-allocated 2 of 3 - Vishal workload | D121: Vishal workload | E121: In Progress | F121: hrs/day | G121: 4.5 | H121: 46296 | I121: 46326 | J121: =IF(H121="",0,NETWORKDAYS(H121,I121)) -> 22 | K121: =IF(OR(H121="",J121=0),0,IF(F121="hrs/day",G121,IF(F121="%/day",G121/100*$B$1,G121/J121))) -> 4.5 | L121: =IF(A121="Previous import",$B$2,1) -> 1 | M121: =IF(OR(E121="Closed",E121="Cancelled"),1,0) -> 0 | N121: =K121*J121*L121 -> 99
A122: Previous import | C122: CV Over-allocated 3 of 3 - Vishal workload | D122: Vishal workload | E122: In Review | F122: hrs/day | G122: 4.5 | H122: 46296 | I122: 46326 | J122: =IF(H122="",0,NETWORKDAYS(H122,I122)) -> 22 | K122: =IF(OR(H122="",J122=0),0,IF(F122="hrs/day",G122,IF(F122="%/day",G122/100*$B$1,G122/J122))) -> 4.5 | L122: =IF(A122="Previous import",$B$2,1) -> 1 | M122: =IF(OR(E122="Closed",E122="Cancelled"),1,0) -> 0 | N122: =K122*J122*L122 -> 99
A123: Previous import | C123: CV Optimally allocated 1 of 2 - Vishal PLAdmin | D123: Vishal PLAdmin | E123: To be Tested | F123: hrs/day | G123: 4.5 | H123: 46296 | I123: 46326 | J123: =IF(H123="",0,NETWORKDAYS(H123,I123)) -> 22 | K123: =IF(OR(H123="",J123=0),0,IF(F123="hrs/day",G123,IF(F123="%/day",G123/100*$B$1,G123/J123))) -> 4.5 | L123: =IF(A123="Previous import",$B$2,1) -> 1 | M123: =IF(OR(E123="Closed",E123="Cancelled"),1,0) -> 0 | N123: =K123*J123*L123 -> 99
A124: Previous import | C124: CV Optimally allocated 2 of 2 - Vishal PLAdmin | D124: Vishal PLAdmin | E124: On Hold | F124: hrs/day | G124: 4.5 | H124: 46296 | I124: 46326 | J124: =IF(H124="",0,NETWORKDAYS(H124,I124)) -> 22 | K124: =IF(OR(H124="",J124=0),0,IF(F124="hrs/day",G124,IF(F124="%/day",G124/100*$B$1,G124/J124))) -> 4.5 | L124: =IF(A124="Previous import",$B$2,1) -> 1 | M124: =IF(OR(E124="Closed",E124="Cancelled"),1,0) -> 0 | N124: =K124*J124*L124 -> 99
A125: Previous import | C125: CV Under-allocated - vishal PL manager | D125: vishal PL manager | E125: Delayed | F125: hrs/day | G125: 4.5 | H125: 46296 | I125: 46326 | J125: =IF(H125="",0,NETWORKDAYS(H125,I125)) -> 22 | K125: =IF(OR(H125="",J125=0),0,IF(F125="hrs/day",G125,IF(F125="%/day",G125/100*$B$1,G125/J125))) -> 4.5 | L125: =IF(A125="Previous import",$B$2,1) -> 1 | M125: =IF(OR(E125="Closed",E125="Cancelled"),1,0) -> 0 | N125: =K125*J125*L125 -> 99
A126: Previous import | C126: CV Closed task - Vishal workload | D126: Vishal workload | E126: Closed | F126: hrs/day | G126: 4.5 | H126: 46296 | I126: 46326 | J126: =IF(H126="",0,NETWORKDAYS(H126,I126)) -> 22 | K126: =IF(OR(H126="",J126=0),0,IF(F126="hrs/day",G126,IF(F126="%/day",G126/100*$B$1,G126/J126))) -> 4.5 | L126: =IF(A126="Previous import",$B$2,1) -> 1 | M126: =IF(OR(E126="Closed",E126="Cancelled"),1,0) -> 1 | N126: =K126*J126*L126 -> 99
A127: Previous import | C127: CV Cancelled task - Vishal workload | D127: Vishal workload | E127: Cancelled | F127: hrs/day | G127: 4.5 | H127: 46296 | I127: 46326 | J127: =IF(H127="",0,NETWORKDAYS(H127,I127)) -> 22 | K127: =IF(OR(H127="",J127=0),0,IF(F127="hrs/day",G127,IF(F127="%/day",G127/100*$B$1,G127/J127))) -> 4.5 | L127: =IF(A127="Previous import",$B$2,1) -> 1 | M127: =IF(OR(E127="Closed",E127="Cancelled"),1,0) -> 1 | N127: =K127*J127*L127 -> 99
A128: Previous import | C128: CV Unassigned task | D128: Unassigned | E128: Open | F128: hrs | G128: 0 | H128: 46296 | I128: 46326 | J128: =IF(H128="",0,NETWORKDAYS(H128,I128)) -> 22 | K128: =IF(OR(H128="",J128=0),0,IF(F128="hrs/day",G128,IF(F128="%/day",G128/100*$B$1,G128/J128))) -> 0 | L128: =IF(A128="Previous import",$B$2,1) -> 1 | M128: =IF(OR(E128="Closed",E128="Cancelled"),1,0) -> 0 | N128: =K128*J128*L128 -> 0
A129: Previous import | C129: CV Unallocated this month, allocated next month - Vishal plemployee | D129: Vishal plemployee | E129: Open | F129: hrs/day | G129: 4.5 | H129: 46328 | I129: 46332 | J129: =IF(H129="",0,NETWORKDAYS(H129,I129)) -> 5 | K129: =IF(OR(H129="",J129=0),0,IF(F129="hrs/day",G129,IF(F129="%/day",G129/100*$B$1,G129/J129))) -> 4.5 | L129: =IF(A129="Previous import",$B$2,1) -> 1 | M129: =IF(OR(E129="Closed",E129="Cancelled"),1,0) -> 0 | N129: =K129*J129*L129 -> 22.5
A130: Previous import | C130: CV Multi-owner task next month - Vishal workload and Vishal plemployee | D130: Vishal workload | E130: In Progress | F130: hrs/day | G130: 4.5 | H130: 46328 | I130: 46332 | J130: =IF(H130="",0,NETWORKDAYS(H130,I130)) -> 5 | K130: =IF(OR(H130="",J130=0),0,IF(F130="hrs/day",G130,IF(F130="%/day",G130/100*$B$1,G130/J130))) -> 4.5 | L130: =IF(A130="Previous import",$B$2,1) -> 1 | M130: =IF(OR(E130="Closed",E130="Cancelled"),1,0) -> 0 | N130: =K130*J130*L130 -> 22.5
A131: Previous import | C131: CV Multi-owner task next month - Vishal workload and Vishal plemployee | D131: Vishal plemployee | E131: In Progress | F131: hrs/day | G131: 4.5 | H131: 46328 | I131: 46332 | J131: =IF(H131="",0,NETWORKDAYS(H131,I131)) -> 5 | K131: =IF(OR(H131="",J131=0),0,IF(F131="hrs/day",G131,IF(F131="%/day",G131/100*$B$1,G131/J131))) -> 4.5 | L131: =IF(A131="Previous import",$B$2,1) -> 1 | M131: =IF(OR(E131="Closed",E131="Cancelled"),1,0) -> 0 | N131: =K131*J131*L131 -> 22.5
A132: Previous import | C132: CV December task - vishal PL manager | D132: vishal PL manager | E132: In Progress | F132: hrs/day | G132: 4.5 | H132: 46363 | I132: 46367 | J132: =IF(H132="",0,NETWORKDAYS(H132,I132)) -> 5 | K132: =IF(OR(H132="",J132=0),0,IF(F132="hrs/day",G132,IF(F132="%/day",G132/100*$B$1,G132/J132))) -> 4.5 | L132: =IF(A132="Previous import",$B$2,1) -> 1 | M132: =IF(OR(E132="Closed",E132="Cancelled"),1,0) -> 0 | N132: =K132*J132*L132 -> 22.5

Sheet Daily Expected
A1: Expected allocated hours per day - formulas over 'Assignment Calc'
C2: Thu | D2: Fri | E2: Sat | F2: Sun | G2: Mon | H2: Tue | I2: Wed | J2: Thu | K2: Fri | L2: Sat | M2: Sun | N2: Mon | O2: Tue | P2: Wed | Q2: Thu | R2: Fri | S2: Sat | T2: Sun | U2: Mon | V2: Tue | W2: Wed | X2: Thu | Y2: Fri | Z2: Sat | AA2: Sun | AB2: Mon | AC2: Tue | AD2: Wed | AE2: Thu | AF2: Fri | AG2: Sat | AH2: Sun | AI2: Mon | AJ2: Tue | AK2: Wed | AL2: Thu | AM2: Fri | AN2: Sat | AO2: Sun | AP2: Mon | AQ2: Tue | AR2: Wed | AS2: Thu | AT2: Fri | AU2: Sat | AV2: Sun | AW2: Mon | AX2: Tue | AY2: Wed | AZ2: Thu | BA2: Fri | BB2: Sat | BC2: Sun | BD2: Mon | BE2: Tue | BF2: Wed | BG2: Thu | BH2: Fri | BI2: Sat | BJ2: Sun | BK2: Mon | BL2: Tue | BM2: Wed | BN2: Thu | BO2: Fri | BP2: Sat | BQ2: Sun | BR2: Mon | BS2: Tue | BT2: Wed | BU2: Thu | BV2: Fri | BW2: Sat | BX2: Sun | BY2: Mon | BZ2: Tue | CA2: Wed | CB2: Thu | CC2: Fri | CD2: Sat | CE2: Sun | CF2: Mon | CG2: Tue | CH2: Wed | CI2: Thu | CJ2: Fri | CK2: Sat | CL2: Sun | CM2: Mon | CN2: Tue | CO2: Wed | CP2: Thu
A3: User / date | B3: Quarter total | C3: 46296 | D3: 46297 | E3: 46298 | F3: 46299 | G3: 46300 | H3: 46301 | I3: 46302 | J3: 46303 | K3: 46304 | L3: 46305 | M3: 46306 | N3: 46307 | O3: 46308 | P3: 46309 | Q3: 46310 | R3: 46311 | S3: 46312 | T3: 46313 | U3: 46314 | V3: 46315 | W3: 46316 | X3: 46317 | Y3: 46318 | Z3: 46319 | AA3: 46320 | AB3: 46321 | AC3: 46322 | AD3: 46323 | AE3: 46324 | AF3: 46325 | AG3: 46326 | AH3: 46327 | AI3: 46328 | AJ3: 46329 | AK3: 46330 | AL3: 46331 | AM3: 46332 | AN3: 46333 | AO3: 46334 | AP3: 46335 | AQ3: 46336 | AR3: 46337 | AS3: 46338 | AT3: 46339 | AU3: 46340 | AV3: 46341 | AW3: 46342 | AX3: 46343 | AY3: 46344 | AZ3: 46345 | BA3: 46346 | BB3: 46347 | BC3: 46348 | BD3: 46349 | BE3: 46350 | BF3: 46351 | BG3: 46352 | BH3: 46353 | BI3: 46354 | BJ3: 46355 | BK3: 46356 | BL3: 46357 | BM3: 46358 | BN3: 46359 | BO3: 46360 | BP3: 46361 | BQ3: 46362 | BR3: 46363 | BS3: 46364 | BT3: 46365 | BU3: 46366 | BV3: 46367 | BW3: 46368 | BX3: 46369 | BY3: 46370 | BZ3: 46371 | CA3: 46372 | CB3: 46373 | CC3: 46374 | CD3: 46375 | CE3: 46376 | CF3: 46377 | CG3: 46378 | CH3: 46379 | CI3: 46380 | CJ3: 46381 | CK3: 46382 | CL3: 46383 | CM3: 46384 | CN3: 46385 | CO3: 46386 | CP3: 46387
A4: Vishal workload | B4: =SUM(C4:CP4) -> 919.5 | C4: =IF(WEEKDAY(C$3,2)>5,0,SUMPRODUCT(('Assignment Calc'!$D$5:$D$132=$A4)*('Assignment Calc'!$H$5:$H$132<>"")*('Assignment Calc'!$H$5:$H$132<=C$3)*('Assignment Calc'!$I$5:$I$132>=C$3)*'Assignment Calc'!$K$5:$K$132*'Assignment Calc'!$L$5:$L$132)) -> 31.5 | D4: =IF(WEEKDAY(D$3,2)>5,0,SUMPRODUCT(('Assignment Calc'!$D$5:$D$132=$A4)*('Assignment Calc'!$H$5:$H$132<>"")*('Assignment Calc'!$H$5:$H$132<=D$3)*('Assignment Calc'!$I$5:$I$132>=D$3)*'Assignment Calc'!$K$5:$K$132*'Assignment Calc'!$L$5:$L$132)) -> 31.5 | E4: =IF(WEEKDAY(E$3,2)>5,0,SUMPRODUCT(('Assignment Calc'!$D$5:$D$132=$A4)*('Assignment Calc'!$H$5:$H$132<>"")*('Assignment Calc'!$H$5:$H$132<=E$3)*('Assignment Calc'!$I$5:$I$132>=E$3)*'Assignment Calc'!$K$5:$K$132*'Assignment Calc'!$L$5:$L$132)) -> 0 | F4: =IF(WEEKDAY(F$3,2)>5,0,SUMPRODUCT(('Assignment Calc'!$D$5:$D$132=$A4)*('Assignment Calc'!$H$5:$H$132<>"")*('Assignment Calc'!$H$5:$H$132<=F$3)*('Assignment Calc'!$I$5:$I$132>=F$3)*'Assignment Calc'!$K$5:$K$132*'Assignment Calc'!$L$5:$L$132)) -> 0 | G4: =IF(WEEKDAY(G$3,2)>5,0,SUMPRODUCT(('Assignment Calc'!$D$5:$D$132=$A4)*('Assignment Calc'!$H$5:$H$132<>"")*('Assignment Calc'!$H$5:$H$132<=G$3)*('Assignment Calc'!$I$5:$I$132>=G$3)*'Assignment Calc'!$K$5:$K$132*'Assignment Calc'!$L$5:$L$132)) -> 33 | H4: =IF(WEEKDAY(H$3,2)>5,0,SUMPRODUCT(('Assignment Calc'!$D$5:$D$132=$A4)*('Assignment Calc'!$H$5:$H$132<>"")*('Assignment Calc'!$H$5:$H$132<=H$3)*('Assignment Calc'!$I$5:$I$132>=H$3)*'Assignment Calc'!$K$5:$K$132*'Assignment Calc'!$L$5:$L$132)) -> 33 | I4: =IF(WEEKDAY(I$3,2)>5,0,SUMPRODUCT(('Assignment Calc'!$D$5:$D$132=$A4)*('Assignment Calc'!$H$5:$H$132<>"")*('Assignment Calc'!$H$5:$H$132<=I$3)*('Assignment Calc'!$I$5:$I$132>=I$3)*'Assignment Calc'!$K$5:$K$132*'Assignment Calc'!$L$5:$L$132)) -> 33 | J4: =IF(WEEKDAY(J$3,2)>5,0,SUMPRODUCT(('Assignment Calc'!$D$5:$D$132=$A4)*('Assignment Calc'!$H$5:$H$132<>"")*('Assignment Calc'!$H$5:$H$132<=J$3)*('Assignment Calc'!$I$5:$I$132>=J$3)*'Assignment Calc'!$K$5:$K$132*'Assignment Calc'!$L$5:$L$132)) -> 33 | ... CP4: =IF(WEEKDAY(CP$3,2)>5,0,SUMPRODUCT(('Assignment Calc'!$D$5:$D$132=$A4)*('Assignment Calc'!$H$5:$H$132<>"")*('Assignment Calc'!$H$5:$H$132<=CP$3)*('Assignment Calc'!$I$5:$I$132>=CP$3)*'Assignment Calc'!$K$5:$K$132*'Assignment Calc'!$L$5:$L$132)) -> 9
A5: Vishal PLAdmin | B5: =SUM(C5:CP5) -> 589.25 | C5: =IF(WEEKDAY(C$3,2)>5,0,SUMPRODUCT(('Assignment Calc'!$D$5:$D$132=$A5)*('Assignment Calc'!$H$5:$H$132<>"")*('Assignment Calc'!$H$5:$H$132<=C$3)*('Assignment Calc'!$I$5:$I$132>=C$3)*'Assignment Calc'!$K$5:$K$132*'Assignment Calc'!$L$5:$L$132)) -> 21 | D5: =IF(WEEKDAY(D$3,2)>5,0,SUMPRODUCT(('Assignment Calc'!$D$5:$D$132=$A5)*('Assignment Calc'!$H$5:$H$132<>"")*('Assignment Calc'!$H$5:$H$132<=D$3)*('Assignment Calc'!$I$5:$I$132>=D$3)*'Assignment Calc'!$K$5:$K$132*'Assignment Calc'!$L$5:$L$132)) -> 9 | E5: =IF(WEEKDAY(E$3,2)>5,0,SUMPRODUCT(('Assignment Calc'!$D$5:$D$132=$A5)*('Assignment Calc'!$H$5:$H$132<>"")*('Assignment Calc'!$H$5:$H$132<=E$3)*('Assignment Calc'!$I$5:$I$132>=E$3)*'Assignment Calc'!$K$5:$K$132*'Assignment Calc'!$L$5:$L$132)) -> 0 | F5: =IF(WEEKDAY(F$3,2)>5,0,SUMPRODUCT(('Assignment Calc'!$D$5:$D$132=$A5)*('Assignment Calc'!$H$5:$H$132<>"")*('Assignment Calc'!$H$5:$H$132<=F$3)*('Assignment Calc'!$I$5:$I$132>=F$3)*'Assignment Calc'!$K$5:$K$132*'Assignment Calc'!$L$5:$L$132)) -> 0 | G5: =IF(WEEKDAY(G$3,2)>5,0,SUMPRODUCT(('Assignment Calc'!$D$5:$D$132=$A5)*('Assignment Calc'!$H$5:$H$132<>"")*('Assignment Calc'!$H$5:$H$132<=G$3)*('Assignment Calc'!$I$5:$I$132>=G$3)*'Assignment Calc'!$K$5:$K$132*'Assignment Calc'!$L$5:$L$132)) -> 18 | H5: =IF(WEEKDAY(H$3,2)>5,0,SUMPRODUCT(('Assignment Calc'!$D$5:$D$132=$A5)*('Assignment Calc'!$H$5:$H$132<>"")*('Assignment Calc'!$H$5:$H$132<=H$3)*('Assignment Calc'!$I$5:$I$132>=H$3)*'Assignment Calc'!$K$5:$K$132*'Assignment Calc'!$L$5:$L$132)) -> 18 | I5: =IF(WEEKDAY(I$3,2)>5,0,SUMPRODUCT(('Assignment Calc'!$D$5:$D$132=$A5)*('Assignment Calc'!$H$5:$H$132<>"")*('Assignment Calc'!$H$5:$H$132<=I$3)*('Assignment Calc'!$I$5:$I$132>=I$3)*'Assignment Calc'!$K$5:$K$132*'Assignment Calc'!$L$5:$L$132)) -> 18 | J5: =IF(WEEKDAY(J$3,2)>5,0,SUMPRODUCT(('Assignment Calc'!$D$5:$D$132=$A5)*('Assignment Calc'!$H$5:$H$132<>"")*('Assignment Calc'!$H$5:$H$132<=J$3)*('Assignment Calc'!$I$5:$I$132>=J$3)*'Assignment Calc'!$K$5:$K$132*'Assignment Calc'!$L$5:$L$132)) -> 18 | ... CP5: =IF(WEEKDAY(CP$3,2)>5,0,SUMPRODUCT(('Assignment Calc'!$D$5:$D$132=$A5)*('Assignment Calc'!$H$5:$H$132<>"")*('Assignment Calc'!$H$5:$H$132<=CP$3)*('Assignment Calc'!$I$5:$I$132>=CP$3)*'Assignment Calc'!$K$5:$K$132*'Assignment Calc'!$L$5:$L$132)) -> 8.5
A6: vishal PL manager | B6: =SUM(C6:CP6) -> 498.75 | C6: =IF(WEEKDAY(C$3,2)>5,0,SUMPRODUCT(('Assignment Calc'!$D$5:$D$132=$A6)*('Assignment Calc'!$H$5:$H$132<>"")*('Assignment Calc'!$H$5:$H$132<=C$3)*('Assignment Calc'!$I$5:$I$132>=C$3)*'Assignment Calc'!$K$5:$K$132*'Assignment Calc'!$L$5:$L$132)) -> 4.5 | D6: =IF(WEEKDAY(D$3,2)>5,0,SUMPRODUCT(('Assignment Calc'!$D$5:$D$132=$A6)*('Assignment Calc'!$H$5:$H$132<>"")*('Assignment Calc'!$H$5:$H$132<=D$3)*('Assignment Calc'!$I$5:$I$132>=D$3)*'Assignment Calc'!$K$5:$K$132*'Assignment Calc'!$L$5:$L$132)) -> 4.5 | E6: =IF(WEEKDAY(E$3,2)>5,0,SUMPRODUCT(('Assignment Calc'!$D$5:$D$132=$A6)*('Assignment Calc'!$H$5:$H$132<>"")*('Assignment Calc'!$H$5:$H$132<=E$3)*('Assignment Calc'!$I$5:$I$132>=E$3)*'Assignment Calc'!$K$5:$K$132*'Assignment Calc'!$L$5:$L$132)) -> 0 | F6: =IF(WEEKDAY(F$3,2)>5,0,SUMPRODUCT(('Assignment Calc'!$D$5:$D$132=$A6)*('Assignment Calc'!$H$5:$H$132<>"")*('Assignment Calc'!$H$5:$H$132<=F$3)*('Assignment Calc'!$I$5:$I$132>=F$3)*'Assignment Calc'!$K$5:$K$132*'Assignment Calc'!$L$5:$L$132)) -> 0 | G6: =IF(WEEKDAY(G$3,2)>5,0,SUMPRODUCT(('Assignment Calc'!$D$5:$D$132=$A6)*('Assignment Calc'!$H$5:$H$132<>"")*('Assignment Calc'!$H$5:$H$132<=G$3)*('Assignment Calc'!$I$5:$I$132>=G$3)*'Assignment Calc'!$K$5:$K$132*'Assignment Calc'!$L$5:$L$132)) -> 7.5 | H6: =IF(WEEKDAY(H$3,2)>5,0,SUMPRODUCT(('Assignment Calc'!$D$5:$D$132=$A6)*('Assignment Calc'!$H$5:$H$132<>"")*('Assignment Calc'!$H$5:$H$132<=H$3)*('Assignment Calc'!$I$5:$I$132>=H$3)*'Assignment Calc'!$K$5:$K$132*'Assignment Calc'!$L$5:$L$132)) -> 7.5 | I6: =IF(WEEKDAY(I$3,2)>5,0,SUMPRODUCT(('Assignment Calc'!$D$5:$D$132=$A6)*('Assignment Calc'!$H$5:$H$132<>"")*('Assignment Calc'!$H$5:$H$132<=I$3)*('Assignment Calc'!$I$5:$I$132>=I$3)*'Assignment Calc'!$K$5:$K$132*'Assignment Calc'!$L$5:$L$132)) -> 7.5 | J6: =IF(WEEKDAY(J$3,2)>5,0,SUMPRODUCT(('Assignment Calc'!$D$5:$D$132=$A6)*('Assignment Calc'!$H$5:$H$132<>"")*('Assignment Calc'!$H$5:$H$132<=J$3)*('Assignment Calc'!$I$5:$I$132>=J$3)*'Assignment Calc'!$K$5:$K$132*'Assignment Calc'!$L$5:$L$132)) -> 7.5 | ... CP6: =IF(WEEKDAY(CP$3,2)>5,0,SUMPRODUCT(('Assignment Calc'!$D$5:$D$132=$A6)*('Assignment Calc'!$H$5:$H$132<>"")*('Assignment Calc'!$H$5:$H$132<=CP$3)*('Assignment Calc'!$I$5:$I$132>=CP$3)*'Assignment Calc'!$K$5:$K$132*'Assignment Calc'!$L$5:$L$132)) -> 0
A7: Vishal plemployee | B7: =SUM(C7:CP7) -> 414.75 | C7: =IF(WEEKDAY(C$3,2)>5,0,SUMPRODUCT(('Assignment Calc'!$D$5:$D$132=$A7)*('Assignment Calc'!$H$5:$H$132<>"")*('Assignment Calc'!$H$5:$H$132<=C$3)*('Assignment Calc'!$I$5:$I$132>=C$3)*'Assignment Calc'!$K$5:$K$132*'Assignment Calc'!$L$5:$L$132)) -> 0 | D7: =IF(WEEKDAY(D$3,2)>5,0,SUMPRODUCT(('Assignment Calc'!$D$5:$D$132=$A7)*('Assignment Calc'!$H$5:$H$132<>"")*('Assignment Calc'!$H$5:$H$132<=D$3)*('Assignment Calc'!$I$5:$I$132>=D$3)*'Assignment Calc'!$K$5:$K$132*'Assignment Calc'!$L$5:$L$132)) -> 0 | E7: =IF(WEEKDAY(E$3,2)>5,0,SUMPRODUCT(('Assignment Calc'!$D$5:$D$132=$A7)*('Assignment Calc'!$H$5:$H$132<>"")*('Assignment Calc'!$H$5:$H$132<=E$3)*('Assignment Calc'!$I$5:$I$132>=E$3)*'Assignment Calc'!$K$5:$K$132*'Assignment Calc'!$L$5:$L$132)) -> 0 | F7: =IF(WEEKDAY(F$3,2)>5,0,SUMPRODUCT(('Assignment Calc'!$D$5:$D$132=$A7)*('Assignment Calc'!$H$5:$H$132<>"")*('Assignment Calc'!$H$5:$H$132<=F$3)*('Assignment Calc'!$I$5:$I$132>=F$3)*'Assignment Calc'!$K$5:$K$132*'Assignment Calc'!$L$5:$L$132)) -> 0 | G7: =IF(WEEKDAY(G$3,2)>5,0,SUMPRODUCT(('Assignment Calc'!$D$5:$D$132=$A7)*('Assignment Calc'!$H$5:$H$132<>"")*('Assignment Calc'!$H$5:$H$132<=G$3)*('Assignment Calc'!$I$5:$I$132>=G$3)*'Assignment Calc'!$K$5:$K$132*'Assignment Calc'!$L$5:$L$132)) -> 0 | H7: =IF(WEEKDAY(H$3,2)>5,0,SUMPRODUCT(('Assignment Calc'!$D$5:$D$132=$A7)*('Assignment Calc'!$H$5:$H$132<>"")*('Assignment Calc'!$H$5:$H$132<=H$3)*('Assignment Calc'!$I$5:$I$132>=H$3)*'Assignment Calc'!$K$5:$K$132*'Assignment Calc'!$L$5:$L$132)) -> 0 | I7: =IF(WEEKDAY(I$3,2)>5,0,SUMPRODUCT(('Assignment Calc'!$D$5:$D$132=$A7)*('Assignment Calc'!$H$5:$H$132<>"")*('Assignment Calc'!$H$5:$H$132<=I$3)*('Assignment Calc'!$I$5:$I$132>=I$3)*'Assignment Calc'!$K$5:$K$132*'Assignment Calc'!$L$5:$L$132)) -> 0 | J7: =IF(WEEKDAY(J$3,2)>5,0,SUMPRODUCT(('Assignment Calc'!$D$5:$D$132=$A7)*('Assignment Calc'!$H$5:$H$132<>"")*('Assignment Calc'!$H$5:$H$132<=J$3)*('Assignment Calc'!$I$5:$I$132>=J$3)*'Assignment Calc'!$K$5:$K$132*'Assignment Calc'!$L$5:$L$132)) -> 0 | ... CP7: =IF(WEEKDAY(CP$3,2)>5,0,SUMPRODUCT(('Assignment Calc'!$D$5:$D$132=$A7)*('Assignment Calc'!$H$5:$H$132<>"")*('Assignment Calc'!$H$5:$H$132<=CP$3)*('Assignment Calc'!$I$5:$I$132>=CP$3)*'Assignment Calc'!$K$5:$K$132*'Assignment Calc'!$L$5:$L$132)) -> 13.5
A8: Vishal plreadonly | B8: =SUM(C8:CP8) -> 411 | C8: =IF(WEEKDAY(C$3,2)>5,0,SUMPRODUCT(('Assignment Calc'!$D$5:$D$132=$A8)*('Assignment Calc'!$H$5:$H$132<>"")*('Assignment Calc'!$H$5:$H$132<=C$3)*('Assignment Calc'!$I$5:$I$132>=C$3)*'Assignment Calc'!$K$5:$K$132*'Assignment Calc'!$L$5:$L$132)) -> 0 | D8: =IF(WEEKDAY(D$3,2)>5,0,SUMPRODUCT(('Assignment Calc'!$D$5:$D$132=$A8)*('Assignment Calc'!$H$5:$H$132<>"")*('Assignment Calc'!$H$5:$H$132<=D$3)*('Assignment Calc'!$I$5:$I$132>=D$3)*'Assignment Calc'!$K$5:$K$132*'Assignment Calc'!$L$5:$L$132)) -> 0 | E8: =IF(WEEKDAY(E$3,2)>5,0,SUMPRODUCT(('Assignment Calc'!$D$5:$D$132=$A8)*('Assignment Calc'!$H$5:$H$132<>"")*('Assignment Calc'!$H$5:$H$132<=E$3)*('Assignment Calc'!$I$5:$I$132>=E$3)*'Assignment Calc'!$K$5:$K$132*'Assignment Calc'!$L$5:$L$132)) -> 0 | F8: =IF(WEEKDAY(F$3,2)>5,0,SUMPRODUCT(('Assignment Calc'!$D$5:$D$132=$A8)*('Assignment Calc'!$H$5:$H$132<>"")*('Assignment Calc'!$H$5:$H$132<=F$3)*('Assignment Calc'!$I$5:$I$132>=F$3)*'Assignment Calc'!$K$5:$K$132*'Assignment Calc'!$L$5:$L$132)) -> 0 | G8: =IF(WEEKDAY(G$3,2)>5,0,SUMPRODUCT(('Assignment Calc'!$D$5:$D$132=$A8)*('Assignment Calc'!$H$5:$H$132<>"")*('Assignment Calc'!$H$5:$H$132<=G$3)*('Assignment Calc'!$I$5:$I$132>=G$3)*'Assignment Calc'!$K$5:$K$132*'Assignment Calc'!$L$5:$L$132)) -> 10.5 | H8: =IF(WEEKDAY(H$3,2)>5,0,SUMPRODUCT(('Assignment Calc'!$D$5:$D$132=$A8)*('Assignment Calc'!$H$5:$H$132<>"")*('Assignment Calc'!$H$5:$H$132<=H$3)*('Assignment Calc'!$I$5:$I$132>=H$3)*'Assignment Calc'!$K$5:$K$132*'Assignment Calc'!$L$5:$L$132)) -> 10.5 | I8: =IF(WEEKDAY(I$3,2)>5,0,SUMPRODUCT(('Assignment Calc'!$D$5:$D$132=$A8)*('Assignment Calc'!$H$5:$H$132<>"")*('Assignment Calc'!$H$5:$H$132<=I$3)*('Assignment Calc'!$I$5:$I$132>=I$3)*'Assignment Calc'!$K$5:$K$132*'Assignment Calc'!$L$5:$L$132)) -> 10.5 | J8: =IF(WEEKDAY(J$3,2)>5,0,SUMPRODUCT(('Assignment Calc'!$D$5:$D$132=$A8)*('Assignment Calc'!$H$5:$H$132<>"")*('Assignment Calc'!$H$5:$H$132<=J$3)*('Assignment Calc'!$I$5:$I$132>=J$3)*'Assignment Calc'!$K$5:$K$132*'Assignment Calc'!$L$5:$L$132)) -> 10.5 | ... CP8: =IF(WEEKDAY(CP$3,2)>5,0,SUMPRODUCT(('Assignment Calc'!$D$5:$D$132=$A8)*('Assignment Calc'!$H$5:$H$132<>"")*('Assignment Calc'!$H$5:$H$132<=CP$3)*('Assignment Calc'!$I$5:$I$132>=CP$3)*'Assignment Calc'!$K$5:$K$132*'Assignment Calc'!$L$5:$L$132)) -> 9
A9: Vishal liteuser | B9: =SUM(C9:CP9) -> 403.25 | C9: =IF(WEEKDAY(C$3,2)>5,0,SUMPRODUCT(('Assignment Calc'!$D$5:$D$132=$A9)*('Assignment Calc'!$H$5:$H$132<>"")*('Assignment Calc'!$H$5:$H$132<=C$3)*('Assignment Calc'!$I$5:$I$132>=C$3)*'Assignment Calc'!$K$5:$K$132*'Assignment Calc'!$L$5:$L$132)) -> 0 | D9: =IF(WEEKDAY(D$3,2)>5,0,SUMPRODUCT(('Assignment Calc'!$D$5:$D$132=$A9)*('Assignment Calc'!$H$5:$H$132<>"")*('Assignment Calc'!$H$5:$H$132<=D$3)*('Assignment Calc'!$I$5:$I$132>=D$3)*'Assignment Calc'!$K$5:$K$132*'Assignment Calc'!$L$5:$L$132)) -> 9 | E9: =IF(WEEKDAY(E$3,2)>5,0,SUMPRODUCT(('Assignment Calc'!$D$5:$D$132=$A9)*('Assignment Calc'!$H$5:$H$132<>"")*('Assignment Calc'!$H$5:$H$132<=E$3)*('Assignment Calc'!$I$5:$I$132>=E$3)*'Assignment Calc'!$K$5:$K$132*'Assignment Calc'!$L$5:$L$132)) -> 0 | F9: =IF(WEEKDAY(F$3,2)>5,0,SUMPRODUCT(('Assignment Calc'!$D$5:$D$132=$A9)*('Assignment Calc'!$H$5:$H$132<>"")*('Assignment Calc'!$H$5:$H$132<=F$3)*('Assignment Calc'!$I$5:$I$132>=F$3)*'Assignment Calc'!$K$5:$K$132*'Assignment Calc'!$L$5:$L$132)) -> 0 | G9: =IF(WEEKDAY(G$3,2)>5,0,SUMPRODUCT(('Assignment Calc'!$D$5:$D$132=$A9)*('Assignment Calc'!$H$5:$H$132<>"")*('Assignment Calc'!$H$5:$H$132<=G$3)*('Assignment Calc'!$I$5:$I$132>=G$3)*'Assignment Calc'!$K$5:$K$132*'Assignment Calc'!$L$5:$L$132)) -> 9 | H9: =IF(WEEKDAY(H$3,2)>5,0,SUMPRODUCT(('Assignment Calc'!$D$5:$D$132=$A9)*('Assignment Calc'!$H$5:$H$132<>"")*('Assignment Calc'!$H$5:$H$132<=H$3)*('Assignment Calc'!$I$5:$I$132>=H$3)*'Assignment Calc'!$K$5:$K$132*'Assignment Calc'!$L$5:$L$132)) -> 9 | I9: =IF(WEEKDAY(I$3,2)>5,0,SUMPRODUCT(('Assignment Calc'!$D$5:$D$132=$A9)*('Assignment Calc'!$H$5:$H$132<>"")*('Assignment Calc'!$H$5:$H$132<=I$3)*('Assignment Calc'!$I$5:$I$132>=I$3)*'Assignment Calc'!$K$5:$K$132*'Assignment Calc'!$L$5:$L$132)) -> 9 | J9: =IF(WEEKDAY(J$3,2)>5,0,SUMPRODUCT(('Assignment Calc'!$D$5:$D$132=$A9)*('Assignment Calc'!$H$5:$H$132<>"")*('Assignment Calc'!$H$5:$H$132<=J$3)*('Assignment Calc'!$I$5:$I$132>=J$3)*'Assignment Calc'!$K$5:$K$132*'Assignment Calc'!$L$5:$L$132)) -> 9 | ... CP9: =IF(WEEKDAY(CP$3,2)>5,0,SUMPRODUCT(('Assignment Calc'!$D$5:$D$132=$A9)*('Assignment Calc'!$H$5:$H$132<>"")*('Assignment Calc'!$H$5:$H$132<=CP$3)*('Assignment Calc'!$I$5:$I$132>=CP$3)*'Assignment Calc'!$K$5:$K$132*'Assignment Calc'!$L$5:$L$132)) -> 8.5
A10: Vishal customprofile | B10: =SUM(C10:CP10) -> 402.75 | C10: =IF(WEEKDAY(C$3,2)>5,0,SUMPRODUCT(('Assignment Calc'!$D$5:$D$132=$A10)*('Assignment Calc'!$H$5:$H$132<>"")*('Assignment Calc'!$H$5:$H$132<=C$3)*('Assignment Calc'!$I$5:$I$132>=C$3)*'Assignment Calc'!$K$5:$K$132*'Assignment Calc'!$L$5:$L$132)) -> 13.5 | D10: =IF(WEEKDAY(D$3,2)>5,0,SUMPRODUCT(('Assignment Calc'!$D$5:$D$132=$A10)*('Assignment Calc'!$H$5:$H$132<>"")*('Assignment Calc'!$H$5:$H$132<=D$3)*('Assignment Calc'!$I$5:$I$132>=D$3)*'Assignment Calc'!$K$5:$K$132*'Assignment Calc'!$L$5:$L$132)) -> 13.5 | E10: =IF(WEEKDAY(E$3,2)>5,0,SUMPRODUCT(('Assignment Calc'!$D$5:$D$132=$A10)*('Assignment Calc'!$H$5:$H$132<>"")*('Assignment Calc'!$H$5:$H$132<=E$3)*('Assignment Calc'!$I$5:$I$132>=E$3)*'Assignment Calc'!$K$5:$K$132*'Assignment Calc'!$L$5:$L$132)) -> 0 | F10: =IF(WEEKDAY(F$3,2)>5,0,SUMPRODUCT(('Assignment Calc'!$D$5:$D$132=$A10)*('Assignment Calc'!$H$5:$H$132<>"")*('Assignment Calc'!$H$5:$H$132<=F$3)*('Assignment Calc'!$I$5:$I$132>=F$3)*'Assignment Calc'!$K$5:$K$132*'Assignment Calc'!$L$5:$L$132)) -> 0 | G10: =IF(WEEKDAY(G$3,2)>5,0,SUMPRODUCT(('Assignment Calc'!$D$5:$D$132=$A10)*('Assignment Calc'!$H$5:$H$132<>"")*('Assignment Calc'!$H$5:$H$132<=G$3)*('Assignment Calc'!$I$5:$I$132>=G$3)*'Assignment Calc'!$K$5:$K$132*'Assignment Calc'!$L$5:$L$132)) -> 3 | H10: =IF(WEEKDAY(H$3,2)>5,0,SUMPRODUCT(('Assignment Calc'!$D$5:$D$132=$A10)*('Assignment Calc'!$H$5:$H$132<>"")*('Assignment Calc'!$H$5:$H$132<=H$3)*('Assignment Calc'!$I$5:$I$132>=H$3)*'Assignment Calc'!$K$5:$K$132*'Assignment Calc'!$L$5:$L$132)) -> 3 | I10: =IF(WEEKDAY(I$3,2)>5,0,SUMPRODUCT(('Assignment Calc'!$D$5:$D$132=$A10)*('Assignment Calc'!$H$5:$H$132<>"")*('Assignment Calc'!$H$5:$H$132<=I$3)*('Assignment Calc'!$I$5:$I$132>=I$3)*'Assignment Calc'!$K$5:$K$132*'Assignment Calc'!$L$5:$L$132)) -> 3 | J10: =IF(WEEKDAY(J$3,2)>5,0,SUMPRODUCT(('Assignment Calc'!$D$5:$D$132=$A10)*('Assignment Calc'!$H$5:$H$132<>"")*('Assignment Calc'!$H$5:$H$132<=J$3)*('Assignment Calc'!$I$5:$I$132>=J$3)*'Assignment Calc'!$K$5:$K$132*'Assignment Calc'!$L$5:$L$132)) -> 3 | ... CP10: =IF(WEEKDAY(CP$3,2)>5,0,SUMPRODUCT(('Assignment Calc'!$D$5:$D$132=$A10)*('Assignment Calc'!$H$5:$H$132<>"")*('Assignment Calc'!$H$5:$H$132<=CP$3)*('Assignment Calc'!$I$5:$I$132>=CP$3)*'Assignment Calc'!$K$5:$K$132*'Assignment Calc'!$L$5:$L$132)) -> 0
A11: UIAutomation_Workload_Resource | B11: =SUM(C11:CP11) -> 415.65 | C11: =IF(WEEKDAY(C$3,2)>5,0,SUMPRODUCT(('Assignment Calc'!$D$5:$D$132=$A11)*('Assignment Calc'!$H$5:$H$132<>"")*('Assignment Calc'!$H$5:$H$132<=C$3)*('Assignment Calc'!$I$5:$I$132>=C$3)*'Assignment Calc'!$K$5:$K$132*'Assignment Calc'!$L$5:$L$132)) -> 5.4 | D11: =IF(WEEKDAY(D$3,2)>5,0,SUMPRODUCT(('Assignment Calc'!$D$5:$D$132=$A11)*('Assignment Calc'!$H$5:$H$132<>"")*('Assignment Calc'!$H$5:$H$132<=D$3)*('Assignment Calc'!$I$5:$I$132>=D$3)*'Assignment Calc'!$K$5:$K$132*'Assignment Calc'!$L$5:$L$132)) -> 0 | E11: =IF(WEEKDAY(E$3,2)>5,0,SUMPRODUCT(('Assignment Calc'!$D$5:$D$132=$A11)*('Assignment Calc'!$H$5:$H$132<>"")*('Assignment Calc'!$H$5:$H$132<=E$3)*('Assignment Calc'!$I$5:$I$132>=E$3)*'Assignment Calc'!$K$5:$K$132*'Assignment Calc'!$L$5:$L$132)) -> 0 | F11: =IF(WEEKDAY(F$3,2)>5,0,SUMPRODUCT(('Assignment Calc'!$D$5:$D$132=$A11)*('Assignment Calc'!$H$5:$H$132<>"")*('Assignment Calc'!$H$5:$H$132<=F$3)*('Assignment Calc'!$I$5:$I$132>=F$3)*'Assignment Calc'!$K$5:$K$132*'Assignment Calc'!$L$5:$L$132)) -> 0 | G11: =IF(WEEKDAY(G$3,2)>5,0,SUMPRODUCT(('Assignment Calc'!$D$5:$D$132=$A11)*('Assignment Calc'!$H$5:$H$132<>"")*('Assignment Calc'!$H$5:$H$132<=G$3)*('Assignment Calc'!$I$5:$I$132>=G$3)*'Assignment Calc'!$K$5:$K$132*'Assignment Calc'!$L$5:$L$132)) -> 0 | H11: =IF(WEEKDAY(H$3,2)>5,0,SUMPRODUCT(('Assignment Calc'!$D$5:$D$132=$A11)*('Assignment Calc'!$H$5:$H$132<>"")*('Assignment Calc'!$H$5:$H$132<=H$3)*('Assignment Calc'!$I$5:$I$132>=H$3)*'Assignment Calc'!$K$5:$K$132*'Assignment Calc'!$L$5:$L$132)) -> 0 | I11: =IF(WEEKDAY(I$3,2)>5,0,SUMPRODUCT(('Assignment Calc'!$D$5:$D$132=$A11)*('Assignment Calc'!$H$5:$H$132<>"")*('Assignment Calc'!$H$5:$H$132<=I$3)*('Assignment Calc'!$I$5:$I$132>=I$3)*'Assignment Calc'!$K$5:$K$132*'Assignment Calc'!$L$5:$L$132)) -> 0 | J11: =IF(WEEKDAY(J$3,2)>5,0,SUMPRODUCT(('Assignment Calc'!$D$5:$D$132=$A11)*('Assignment Calc'!$H$5:$H$132<>"")*('Assignment Calc'!$H$5:$H$132<=J$3)*('Assignment Calc'!$I$5:$I$132>=J$3)*'Assignment Calc'!$K$5:$K$132*'Assignment Calc'!$L$5:$L$132)) -> 0 | ... CP11: =IF(WEEKDAY(CP$3,2)>5,0,SUMPRODUCT(('Assignment Calc'!$D$5:$D$132=$A11)*('Assignment Calc'!$H$5:$H$132<>"")*('Assignment Calc'!$H$5:$H$132<=CP$3)*('Assignment Calc'!$I$5:$I$132>=CP$3)*'Assignment Calc'!$K$5:$K$132*'Assignment Calc'!$L$5:$L$132)) -> 13.5
A12: Unassigned | B12: =SUM(C12:CP12) -> 20 | C12: =IF(WEEKDAY(C$3,2)>5,0,SUMPRODUCT(('Assignment Calc'!$D$5:$D$132=$A12)*('Assignment Calc'!$H$5:$H$132<>"")*('Assignment Calc'!$H$5:$H$132<=C$3)*('Assignment Calc'!$I$5:$I$132>=C$3)*'Assignment Calc'!$K$5:$K$132*'Assignment Calc'!$L$5:$L$132)) -> 0 | D12: =IF(WEEKDAY(D$3,2)>5,0,SUMPRODUCT(('Assignment Calc'!$D$5:$D$132=$A12)*('Assignment Calc'!$H$5:$H$132<>"")*('Assignment Calc'!$H$5:$H$132<=D$3)*('Assignment Calc'!$I$5:$I$132>=D$3)*'Assignment Calc'!$K$5:$K$132*'Assignment Calc'!$L$5:$L$132)) -> 0 | E12: =IF(WEEKDAY(E$3,2)>5,0,SUMPRODUCT(('Assignment Calc'!$D$5:$D$132=$A12)*('Assignment Calc'!$H$5:$H$132<>"")*('Assignment Calc'!$H$5:$H$132<=E$3)*('Assignment Calc'!$I$5:$I$132>=E$3)*'Assignment Calc'!$K$5:$K$132*'Assignment Calc'!$L$5:$L$132)) -> 0 | F12: =IF(WEEKDAY(F$3,2)>5,0,SUMPRODUCT(('Assignment Calc'!$D$5:$D$132=$A12)*('Assignment Calc'!$H$5:$H$132<>"")*('Assignment Calc'!$H$5:$H$132<=F$3)*('Assignment Calc'!$I$5:$I$132>=F$3)*'Assignment Calc'!$K$5:$K$132*'Assignment Calc'!$L$5:$L$132)) -> 0 | G12: =IF(WEEKDAY(G$3,2)>5,0,SUMPRODUCT(('Assignment Calc'!$D$5:$D$132=$A12)*('Assignment Calc'!$H$5:$H$132<>"")*('Assignment Calc'!$H$5:$H$132<=G$3)*('Assignment Calc'!$I$5:$I$132>=G$3)*'Assignment Calc'!$K$5:$K$132*'Assignment Calc'!$L$5:$L$132)) -> 4 | H12: =IF(WEEKDAY(H$3,2)>5,0,SUMPRODUCT(('Assignment Calc'!$D$5:$D$132=$A12)*('Assignment Calc'!$H$5:$H$132<>"")*('Assignment Calc'!$H$5:$H$132<=H$3)*('Assignment Calc'!$I$5:$I$132>=H$3)*'Assignment Calc'!$K$5:$K$132*'Assignment Calc'!$L$5:$L$132)) -> 4 | I12: =IF(WEEKDAY(I$3,2)>5,0,SUMPRODUCT(('Assignment Calc'!$D$5:$D$132=$A12)*('Assignment Calc'!$H$5:$H$132<>"")*('Assignment Calc'!$H$5:$H$132<=I$3)*('Assignment Calc'!$I$5:$I$132>=I$3)*'Assignment Calc'!$K$5:$K$132*'Assignment Calc'!$L$5:$L$132)) -> 4 | J12: =IF(WEEKDAY(J$3,2)>5,0,SUMPRODUCT(('Assignment Calc'!$D$5:$D$132=$A12)*('Assignment Calc'!$H$5:$H$132<>"")*('Assignment Calc'!$H$5:$H$132<=J$3)*('Assignment Calc'!$I$5:$I$132>=J$3)*'Assignment Calc'!$K$5:$K$132*'Assignment Calc'!$L$5:$L$132)) -> 4 | ... CP12: =IF(WEEKDAY(CP$3,2)>5,0,SUMPRODUCT(('Assignment Calc'!$D$5:$D$132=$A12)*('Assignment Calc'!$H$5:$H$132<>"")*('Assignment Calc'!$H$5:$H$132<=CP$3)*('Assignment Calc'!$I$5:$I$132>=CP$3)*'Assignment Calc'!$K$5:$K$132*'Assignment Calc'!$L$5:$L$132)) -> 0

Sheet Daily Closed-Cancelled
A1: Of which Closed / Cancelled hours per day - formulas over 'Assignment Calc'
C2: Thu | D2: Fri | E2: Sat | F2: Sun | G2: Mon | H2: Tue | I2: Wed | J2: Thu | K2: Fri | L2: Sat | M2: Sun | N2: Mon | O2: Tue | P2: Wed | Q2: Thu | R2: Fri | S2: Sat | T2: Sun | U2: Mon | V2: Tue | W2: Wed | X2: Thu | Y2: Fri | Z2: Sat | AA2: Sun | AB2: Mon | AC2: Tue | AD2: Wed | AE2: Thu | AF2: Fri | AG2: Sat | AH2: Sun | AI2: Mon | AJ2: Tue | AK2: Wed | AL2: Thu | AM2: Fri | AN2: Sat | AO2: Sun | AP2: Mon | AQ2: Tue | AR2: Wed | AS2: Thu | AT2: Fri | AU2: Sat | AV2: Sun | AW2: Mon | AX2: Tue | AY2: Wed | AZ2: Thu | BA2: Fri | BB2: Sat | BC2: Sun | BD2: Mon | BE2: Tue | BF2: Wed | BG2: Thu | BH2: Fri | BI2: Sat | BJ2: Sun | BK2: Mon | BL2: Tue | BM2: Wed | BN2: Thu | BO2: Fri | BP2: Sat | BQ2: Sun | BR2: Mon | BS2: Tue | BT2: Wed | BU2: Thu | BV2: Fri | BW2: Sat | BX2: Sun | BY2: Mon | BZ2: Tue | CA2: Wed | CB2: Thu | CC2: Fri | CD2: Sat | CE2: Sun | CF2: Mon | CG2: Tue | CH2: Wed | CI2: Thu | CJ2: Fri | CK2: Sat | CL2: Sun | CM2: Mon | CN2: Tue | CO2: Wed | CP2: Thu
A3: User / date | B3: Quarter total | C3: 46296 | D3: 46297 | E3: 46298 | F3: 46299 | G3: 46300 | H3: 46301 | I3: 46302 | J3: 46303 | K3: 46304 | L3: 46305 | M3: 46306 | N3: 46307 | O3: 46308 | P3: 46309 | Q3: 46310 | R3: 46311 | S3: 46312 | T3: 46313 | U3: 46314 | V3: 46315 | W3: 46316 | X3: 46317 | Y3: 46318 | Z3: 46319 | AA3: 46320 | AB3: 46321 | AC3: 46322 | AD3: 46323 | AE3: 46324 | AF3: 46325 | AG3: 46326 | AH3: 46327 | AI3: 46328 | AJ3: 46329 | AK3: 46330 | AL3: 46331 | AM3: 46332 | AN3: 46333 | AO3: 46334 | AP3: 46335 | AQ3: 46336 | AR3: 46337 | AS3: 46338 | AT3: 46339 | AU3: 46340 | AV3: 46341 | AW3: 46342 | AX3: 46343 | AY3: 46344 | AZ3: 46345 | BA3: 46346 | BB3: 46347 | BC3: 46348 | BD3: 46349 | BE3: 46350 | BF3: 46351 | BG3: 46352 | BH3: 46353 | BI3: 46354 | BJ3: 46355 | BK3: 46356 | BL3: 46357 | BM3: 46358 | BN3: 46359 | BO3: 46360 | BP3: 46361 | BQ3: 46362 | BR3: 46363 | BS3: 46364 | BT3: 46365 | BU3: 46366 | BV3: 46367 | BW3: 46368 | BX3: 46369 | BY3: 46370 | BZ3: 46371 | CA3: 46372 | CB3: 46373 | CC3: 46374 | CD3: 46375 | CE3: 46376 | CF3: 46377 | CG3: 46378 | CH3: 46379 | CI3: 46380 | CJ3: 46381 | CK3: 46382 | CL3: 46383 | CM3: 46384 | CN3: 46385 | CO3: 46386 | CP3: 46387
A4: Vishal workload | B4: =SUM(C4:CP4) -> 223 | C4: =IF(WEEKDAY(C$3,2)>5,0,SUMPRODUCT(('Assignment Calc'!$D$5:$D$132=$A4)*('Assignment Calc'!$H$5:$H$132<>"")*('Assignment Calc'!$H$5:$H$132<=C$3)*('Assignment Calc'!$I$5:$I$132>=C$3)*'Assignment Calc'!$K$5:$K$132*'Assignment Calc'!$L$5:$L$132*'Assignment Calc'!$M$5:$M$132)) -> 9 | D4: =IF(WEEKDAY(D$3,2)>5,0,SUMPRODUCT(('Assignment Calc'!$D$5:$D$132=$A4)*('Assignment Calc'!$H$5:$H$132<>"")*('Assignment Calc'!$H$5:$H$132<=D$3)*('Assignment Calc'!$I$5:$I$132>=D$3)*'Assignment Calc'!$K$5:$K$132*'Assignment Calc'!$L$5:$L$132*'Assignment Calc'!$M$5:$M$132)) -> 9 | E4: =IF(WEEKDAY(E$3,2)>5,0,SUMPRODUCT(('Assignment Calc'!$D$5:$D$132=$A4)*('Assignment Calc'!$H$5:$H$132<>"")*('Assignment Calc'!$H$5:$H$132<=E$3)*('Assignment Calc'!$I$5:$I$132>=E$3)*'Assignment Calc'!$K$5:$K$132*'Assignment Calc'!$L$5:$L$132*'Assignment Calc'!$M$5:$M$132)) -> 0 | F4: =IF(WEEKDAY(F$3,2)>5,0,SUMPRODUCT(('Assignment Calc'!$D$5:$D$132=$A4)*('Assignment Calc'!$H$5:$H$132<>"")*('Assignment Calc'!$H$5:$H$132<=F$3)*('Assignment Calc'!$I$5:$I$132>=F$3)*'Assignment Calc'!$K$5:$K$132*'Assignment Calc'!$L$5:$L$132*'Assignment Calc'!$M$5:$M$132)) -> 0 | G4: =IF(WEEKDAY(G$3,2)>5,0,SUMPRODUCT(('Assignment Calc'!$D$5:$D$132=$A4)*('Assignment Calc'!$H$5:$H$132<>"")*('Assignment Calc'!$H$5:$H$132<=G$3)*('Assignment Calc'!$I$5:$I$132>=G$3)*'Assignment Calc'!$K$5:$K$132*'Assignment Calc'!$L$5:$L$132*'Assignment Calc'!$M$5:$M$132)) -> 9 | H4: =IF(WEEKDAY(H$3,2)>5,0,SUMPRODUCT(('Assignment Calc'!$D$5:$D$132=$A4)*('Assignment Calc'!$H$5:$H$132<>"")*('Assignment Calc'!$H$5:$H$132<=H$3)*('Assignment Calc'!$I$5:$I$132>=H$3)*'Assignment Calc'!$K$5:$K$132*'Assignment Calc'!$L$5:$L$132*'Assignment Calc'!$M$5:$M$132)) -> 9 | I4: =IF(WEEKDAY(I$3,2)>5,0,SUMPRODUCT(('Assignment Calc'!$D$5:$D$132=$A4)*('Assignment Calc'!$H$5:$H$132<>"")*('Assignment Calc'!$H$5:$H$132<=I$3)*('Assignment Calc'!$I$5:$I$132>=I$3)*'Assignment Calc'!$K$5:$K$132*'Assignment Calc'!$L$5:$L$132*'Assignment Calc'!$M$5:$M$132)) -> 9 | J4: =IF(WEEKDAY(J$3,2)>5,0,SUMPRODUCT(('Assignment Calc'!$D$5:$D$132=$A4)*('Assignment Calc'!$H$5:$H$132<>"")*('Assignment Calc'!$H$5:$H$132<=J$3)*('Assignment Calc'!$I$5:$I$132>=J$3)*'Assignment Calc'!$K$5:$K$132*'Assignment Calc'!$L$5:$L$132*'Assignment Calc'!$M$5:$M$132)) -> 9 | ... CP4: =IF(WEEKDAY(CP$3,2)>5,0,SUMPRODUCT(('Assignment Calc'!$D$5:$D$132=$A4)*('Assignment Calc'!$H$5:$H$132<>"")*('Assignment Calc'!$H$5:$H$132<=CP$3)*('Assignment Calc'!$I$5:$I$132>=CP$3)*'Assignment Calc'!$K$5:$K$132*'Assignment Calc'!$L$5:$L$132*'Assignment Calc'!$M$5:$M$132)) -> 0
A5: Vishal PLAdmin | B5: =SUM(C5:CP5) -> 146.25 | C5: =IF(WEEKDAY(C$3,2)>5,0,SUMPRODUCT(('Assignment Calc'!$D$5:$D$132=$A5)*('Assignment Calc'!$H$5:$H$132<>"")*('Assignment Calc'!$H$5:$H$132<=C$3)*('Assignment Calc'!$I$5:$I$132>=C$3)*'Assignment Calc'!$K$5:$K$132*'Assignment Calc'!$L$5:$L$132*'Assignment Calc'!$M$5:$M$132)) -> 0 | D5: =IF(WEEKDAY(D$3,2)>5,0,SUMPRODUCT(('Assignment Calc'!$D$5:$D$132=$A5)*('Assignment Calc'!$H$5:$H$132<>"")*('Assignment Calc'!$H$5:$H$132<=D$3)*('Assignment Calc'!$I$5:$I$132>=D$3)*'Assignment Calc'!$K$5:$K$132*'Assignment Calc'!$L$5:$L$132*'Assignment Calc'!$M$5:$M$132)) -> 0 | E5: =IF(WEEKDAY(E$3,2)>5,0,SUMPRODUCT(('Assignment Calc'!$D$5:$D$132=$A5)*('Assignment Calc'!$H$5:$H$132<>"")*('Assignment Calc'!$H$5:$H$132<=E$3)*('Assignment Calc'!$I$5:$I$132>=E$3)*'Assignment Calc'!$K$5:$K$132*'Assignment Calc'!$L$5:$L$132*'Assignment Calc'!$M$5:$M$132)) -> 0 | F5: =IF(WEEKDAY(F$3,2)>5,0,SUMPRODUCT(('Assignment Calc'!$D$5:$D$132=$A5)*('Assignment Calc'!$H$5:$H$132<>"")*('Assignment Calc'!$H$5:$H$132<=F$3)*('Assignment Calc'!$I$5:$I$132>=F$3)*'Assignment Calc'!$K$5:$K$132*'Assignment Calc'!$L$5:$L$132*'Assignment Calc'!$M$5:$M$132)) -> 0 | G5: =IF(WEEKDAY(G$3,2)>5,0,SUMPRODUCT(('Assignment Calc'!$D$5:$D$132=$A5)*('Assignment Calc'!$H$5:$H$132<>"")*('Assignment Calc'!$H$5:$H$132<=G$3)*('Assignment Calc'!$I$5:$I$132>=G$3)*'Assignment Calc'!$K$5:$K$132*'Assignment Calc'!$L$5:$L$132*'Assignment Calc'!$M$5:$M$132)) -> 0 | H5: =IF(WEEKDAY(H$3,2)>5,0,SUMPRODUCT(('Assignment Calc'!$D$5:$D$132=$A5)*('Assignment Calc'!$H$5:$H$132<>"")*('Assignment Calc'!$H$5:$H$132<=H$3)*('Assignment Calc'!$I$5:$I$132>=H$3)*'Assignment Calc'!$K$5:$K$132*'Assignment Calc'!$L$5:$L$132*'Assignment Calc'!$M$5:$M$132)) -> 0 | I5: =IF(WEEKDAY(I$3,2)>5,0,SUMPRODUCT(('Assignment Calc'!$D$5:$D$132=$A5)*('Assignment Calc'!$H$5:$H$132<>"")*('Assignment Calc'!$H$5:$H$132<=I$3)*('Assignment Calc'!$I$5:$I$132>=I$3)*'Assignment Calc'!$K$5:$K$132*'Assignment Calc'!$L$5:$L$132*'Assignment Calc'!$M$5:$M$132)) -> 0 | J5: =IF(WEEKDAY(J$3,2)>5,0,SUMPRODUCT(('Assignment Calc'!$D$5:$D$132=$A5)*('Assignment Calc'!$H$5:$H$132<>"")*('Assignment Calc'!$H$5:$H$132<=J$3)*('Assignment Calc'!$I$5:$I$132>=J$3)*'Assignment Calc'!$K$5:$K$132*'Assignment Calc'!$L$5:$L$132*'Assignment Calc'!$M$5:$M$132)) -> 0 | ... CP5: =IF(WEEKDAY(CP$3,2)>5,0,SUMPRODUCT(('Assignment Calc'!$D$5:$D$132=$A5)*('Assignment Calc'!$H$5:$H$132<>"")*('Assignment Calc'!$H$5:$H$132<=CP$3)*('Assignment Calc'!$I$5:$I$132>=CP$3)*'Assignment Calc'!$K$5:$K$132*'Assignment Calc'!$L$5:$L$132*'Assignment Calc'!$M$5:$M$132)) -> 0
A6: vishal PL manager | B6: =SUM(C6:CP6) -> 60.75 | C6: =IF(WEEKDAY(C$3,2)>5,0,SUMPRODUCT(('Assignment Calc'!$D$5:$D$132=$A6)*('Assignment Calc'!$H$5:$H$132<>"")*('Assignment Calc'!$H$5:$H$132<=C$3)*('Assignment Calc'!$I$5:$I$132>=C$3)*'Assignment Calc'!$K$5:$K$132*'Assignment Calc'!$L$5:$L$132*'Assignment Calc'!$M$5:$M$132)) -> 0 | D6: =IF(WEEKDAY(D$3,2)>5,0,SUMPRODUCT(('Assignment Calc'!$D$5:$D$132=$A6)*('Assignment Calc'!$H$5:$H$132<>"")*('Assignment Calc'!$H$5:$H$132<=D$3)*('Assignment Calc'!$I$5:$I$132>=D$3)*'Assignment Calc'!$K$5:$K$132*'Assignment Calc'!$L$5:$L$132*'Assignment Calc'!$M$5:$M$132)) -> 0 | E6: =IF(WEEKDAY(E$3,2)>5,0,SUMPRODUCT(('Assignment Calc'!$D$5:$D$132=$A6)*('Assignment Calc'!$H$5:$H$132<>"")*('Assignment Calc'!$H$5:$H$132<=E$3)*('Assignment Calc'!$I$5:$I$132>=E$3)*'Assignment Calc'!$K$5:$K$132*'Assignment Calc'!$L$5:$L$132*'Assignment Calc'!$M$5:$M$132)) -> 0 | F6: =IF(WEEKDAY(F$3,2)>5,0,SUMPRODUCT(('Assignment Calc'!$D$5:$D$132=$A6)*('Assignment Calc'!$H$5:$H$132<>"")*('Assignment Calc'!$H$5:$H$132<=F$3)*('Assignment Calc'!$I$5:$I$132>=F$3)*'Assignment Calc'!$K$5:$K$132*'Assignment Calc'!$L$5:$L$132*'Assignment Calc'!$M$5:$M$132)) -> 0 | G6: =IF(WEEKDAY(G$3,2)>5,0,SUMPRODUCT(('Assignment Calc'!$D$5:$D$132=$A6)*('Assignment Calc'!$H$5:$H$132<>"")*('Assignment Calc'!$H$5:$H$132<=G$3)*('Assignment Calc'!$I$5:$I$132>=G$3)*'Assignment Calc'!$K$5:$K$132*'Assignment Calc'!$L$5:$L$132*'Assignment Calc'!$M$5:$M$132)) -> 0 | H6: =IF(WEEKDAY(H$3,2)>5,0,SUMPRODUCT(('Assignment Calc'!$D$5:$D$132=$A6)*('Assignment Calc'!$H$5:$H$132<>"")*('Assignment Calc'!$H$5:$H$132<=H$3)*('Assignment Calc'!$I$5:$I$132>=H$3)*'Assignment Calc'!$K$5:$K$132*'Assignment Calc'!$L$5:$L$132*'Assignment Calc'!$M$5:$M$132)) -> 0 | I6: =IF(WEEKDAY(I$3,2)>5,0,SUMPRODUCT(('Assignment Calc'!$D$5:$D$132=$A6)*('Assignment Calc'!$H$5:$H$132<>"")*('Assignment Calc'!$H$5:$H$132<=I$3)*('Assignment Calc'!$I$5:$I$132>=I$3)*'Assignment Calc'!$K$5:$K$132*'Assignment Calc'!$L$5:$L$132*'Assignment Calc'!$M$5:$M$132)) -> 0 | J6: =IF(WEEKDAY(J$3,2)>5,0,SUMPRODUCT(('Assignment Calc'!$D$5:$D$132=$A6)*('Assignment Calc'!$H$5:$H$132<>"")*('Assignment Calc'!$H$5:$H$132<=J$3)*('Assignment Calc'!$I$5:$I$132>=J$3)*'Assignment Calc'!$K$5:$K$132*'Assignment Calc'!$L$5:$L$132*'Assignment Calc'!$M$5:$M$132)) -> 0 | ... CP6: =IF(WEEKDAY(CP$3,2)>5,0,SUMPRODUCT(('Assignment Calc'!$D$5:$D$132=$A6)*('Assignment Calc'!$H$5:$H$132<>"")*('Assignment Calc'!$H$5:$H$132<=CP$3)*('Assignment Calc'!$I$5:$I$132>=CP$3)*'Assignment Calc'!$K$5:$K$132*'Assignment Calc'!$L$5:$L$132*'Assignment Calc'!$M$5:$M$132)) -> 0
A7: Vishal plemployee | B7: =SUM(C7:CP7) -> 137.25 | C7: =IF(WEEKDAY(C$3,2)>5,0,SUMPRODUCT(('Assignment Calc'!$D$5:$D$132=$A7)*('Assignment Calc'!$H$5:$H$132<>"")*('Assignment Calc'!$H$5:$H$132<=C$3)*('Assignment Calc'!$I$5:$I$132>=C$3)*'Assignment Calc'!$K$5:$K$132*'Assignment Calc'!$L$5:$L$132*'Assignment Calc'!$M$5:$M$132)) -> 0 | D7: =IF(WEEKDAY(D$3,2)>5,0,SUMPRODUCT(('Assignment Calc'!$D$5:$D$132=$A7)*('Assignment Calc'!$H$5:$H$132<>"")*('Assignment Calc'!$H$5:$H$132<=D$3)*('Assignment Calc'!$I$5:$I$132>=D$3)*'Assignment Calc'!$K$5:$K$132*'Assignment Calc'!$L$5:$L$132*'Assignment Calc'!$M$5:$M$132)) -> 0 | E7: =IF(WEEKDAY(E$3,2)>5,0,SUMPRODUCT(('Assignment Calc'!$D$5:$D$132=$A7)*('Assignment Calc'!$H$5:$H$132<>"")*('Assignment Calc'!$H$5:$H$132<=E$3)*('Assignment Calc'!$I$5:$I$132>=E$3)*'Assignment Calc'!$K$5:$K$132*'Assignment Calc'!$L$5:$L$132*'Assignment Calc'!$M$5:$M$132)) -> 0 | F7: =IF(WEEKDAY(F$3,2)>5,0,SUMPRODUCT(('Assignment Calc'!$D$5:$D$132=$A7)*('Assignment Calc'!$H$5:$H$132<>"")*('Assignment Calc'!$H$5:$H$132<=F$3)*('Assignment Calc'!$I$5:$I$132>=F$3)*'Assignment Calc'!$K$5:$K$132*'Assignment Calc'!$L$5:$L$132*'Assignment Calc'!$M$5:$M$132)) -> 0 | G7: =IF(WEEKDAY(G$3,2)>5,0,SUMPRODUCT(('Assignment Calc'!$D$5:$D$132=$A7)*('Assignment Calc'!$H$5:$H$132<>"")*('Assignment Calc'!$H$5:$H$132<=G$3)*('Assignment Calc'!$I$5:$I$132>=G$3)*'Assignment Calc'!$K$5:$K$132*'Assignment Calc'!$L$5:$L$132*'Assignment Calc'!$M$5:$M$132)) -> 0 | H7: =IF(WEEKDAY(H$3,2)>5,0,SUMPRODUCT(('Assignment Calc'!$D$5:$D$132=$A7)*('Assignment Calc'!$H$5:$H$132<>"")*('Assignment Calc'!$H$5:$H$132<=H$3)*('Assignment Calc'!$I$5:$I$132>=H$3)*'Assignment Calc'!$K$5:$K$132*'Assignment Calc'!$L$5:$L$132*'Assignment Calc'!$M$5:$M$132)) -> 0 | I7: =IF(WEEKDAY(I$3,2)>5,0,SUMPRODUCT(('Assignment Calc'!$D$5:$D$132=$A7)*('Assignment Calc'!$H$5:$H$132<>"")*('Assignment Calc'!$H$5:$H$132<=I$3)*('Assignment Calc'!$I$5:$I$132>=I$3)*'Assignment Calc'!$K$5:$K$132*'Assignment Calc'!$L$5:$L$132*'Assignment Calc'!$M$5:$M$132)) -> 0 | J7: =IF(WEEKDAY(J$3,2)>5,0,SUMPRODUCT(('Assignment Calc'!$D$5:$D$132=$A7)*('Assignment Calc'!$H$5:$H$132<>"")*('Assignment Calc'!$H$5:$H$132<=J$3)*('Assignment Calc'!$I$5:$I$132>=J$3)*'Assignment Calc'!$K$5:$K$132*'Assignment Calc'!$L$5:$L$132*'Assignment Calc'!$M$5:$M$132)) -> 0 | ... CP7: =IF(WEEKDAY(CP$3,2)>5,0,SUMPRODUCT(('Assignment Calc'!$D$5:$D$132=$A7)*('Assignment Calc'!$H$5:$H$132<>"")*('Assignment Calc'!$H$5:$H$132<=CP$3)*('Assignment Calc'!$I$5:$I$132>=CP$3)*'Assignment Calc'!$K$5:$K$132*'Assignment Calc'!$L$5:$L$132*'Assignment Calc'!$M$5:$M$132)) -> 13.5
A8: Vishal plreadonly | B8: =SUM(C8:CP8) -> 25 | C8: =IF(WEEKDAY(C$3,2)>5,0,SUMPRODUCT(('Assignment Calc'!$D$5:$D$132=$A8)*('Assignment Calc'!$H$5:$H$132<>"")*('Assignment Calc'!$H$5:$H$132<=C$3)*('Assignment Calc'!$I$5:$I$132>=C$3)*'Assignment Calc'!$K$5:$K$132*'Assignment Calc'!$L$5:$L$132*'Assignment Calc'!$M$5:$M$132)) -> 0 | D8: =IF(WEEKDAY(D$3,2)>5,0,SUMPRODUCT(('Assignment Calc'!$D$5:$D$132=$A8)*('Assignment Calc'!$H$5:$H$132<>"")*('Assignment Calc'!$H$5:$H$132<=D$3)*('Assignment Calc'!$I$5:$I$132>=D$3)*'Assignment Calc'!$K$5:$K$132*'Assignment Calc'!$L$5:$L$132*'Assignment Calc'!$M$5:$M$132)) -> 0 | E8: =IF(WEEKDAY(E$3,2)>5,0,SUMPRODUCT(('Assignment Calc'!$D$5:$D$132=$A8)*('Assignment Calc'!$H$5:$H$132<>"")*('Assignment Calc'!$H$5:$H$132<=E$3)*('Assignment Calc'!$I$5:$I$132>=E$3)*'Assignment Calc'!$K$5:$K$132*'Assignment Calc'!$L$5:$L$132*'Assignment Calc'!$M$5:$M$132)) -> 0 | F8: =IF(WEEKDAY(F$3,2)>5,0,SUMPRODUCT(('Assignment Calc'!$D$5:$D$132=$A8)*('Assignment Calc'!$H$5:$H$132<>"")*('Assignment Calc'!$H$5:$H$132<=F$3)*('Assignment Calc'!$I$5:$I$132>=F$3)*'Assignment Calc'!$K$5:$K$132*'Assignment Calc'!$L$5:$L$132*'Assignment Calc'!$M$5:$M$132)) -> 0 | G8: =IF(WEEKDAY(G$3,2)>5,0,SUMPRODUCT(('Assignment Calc'!$D$5:$D$132=$A8)*('Assignment Calc'!$H$5:$H$132<>"")*('Assignment Calc'!$H$5:$H$132<=G$3)*('Assignment Calc'!$I$5:$I$132>=G$3)*'Assignment Calc'!$K$5:$K$132*'Assignment Calc'!$L$5:$L$132*'Assignment Calc'!$M$5:$M$132)) -> 0 | H8: =IF(WEEKDAY(H$3,2)>5,0,SUMPRODUCT(('Assignment Calc'!$D$5:$D$132=$A8)*('Assignment Calc'!$H$5:$H$132<>"")*('Assignment Calc'!$H$5:$H$132<=H$3)*('Assignment Calc'!$I$5:$I$132>=H$3)*'Assignment Calc'!$K$5:$K$132*'Assignment Calc'!$L$5:$L$132*'Assignment Calc'!$M$5:$M$132)) -> 0 | I8: =IF(WEEKDAY(I$3,2)>5,0,SUMPRODUCT(('Assignment Calc'!$D$5:$D$132=$A8)*('Assignment Calc'!$H$5:$H$132<>"")*('Assignment Calc'!$H$5:$H$132<=I$3)*('Assignment Calc'!$I$5:$I$132>=I$3)*'Assignment Calc'!$K$5:$K$132*'Assignment Calc'!$L$5:$L$132*'Assignment Calc'!$M$5:$M$132)) -> 0 | J8: =IF(WEEKDAY(J$3,2)>5,0,SUMPRODUCT(('Assignment Calc'!$D$5:$D$132=$A8)*('Assignment Calc'!$H$5:$H$132<>"")*('Assignment Calc'!$H$5:$H$132<=J$3)*('Assignment Calc'!$I$5:$I$132>=J$3)*'Assignment Calc'!$K$5:$K$132*'Assignment Calc'!$L$5:$L$132*'Assignment Calc'!$M$5:$M$132)) -> 0 | ... CP8: =IF(WEEKDAY(CP$3,2)>5,0,SUMPRODUCT(('Assignment Calc'!$D$5:$D$132=$A8)*('Assignment Calc'!$H$5:$H$132<>"")*('Assignment Calc'!$H$5:$H$132<=CP$3)*('Assignment Calc'!$I$5:$I$132>=CP$3)*'Assignment Calc'!$K$5:$K$132*'Assignment Calc'!$L$5:$L$132*'Assignment Calc'!$M$5:$M$132)) -> 0
A9: Vishal liteuser | B9: =SUM(C9:CP9) -> 170.25 | C9: =IF(WEEKDAY(C$3,2)>5,0,SUMPRODUCT(('Assignment Calc'!$D$5:$D$132=$A9)*('Assignment Calc'!$H$5:$H$132<>"")*('Assignment Calc'!$H$5:$H$132<=C$3)*('Assignment Calc'!$I$5:$I$132>=C$3)*'Assignment Calc'!$K$5:$K$132*'Assignment Calc'!$L$5:$L$132*'Assignment Calc'!$M$5:$M$132)) -> 0 | D9: =IF(WEEKDAY(D$3,2)>5,0,SUMPRODUCT(('Assignment Calc'!$D$5:$D$132=$A9)*('Assignment Calc'!$H$5:$H$132<>"")*('Assignment Calc'!$H$5:$H$132<=D$3)*('Assignment Calc'!$I$5:$I$132>=D$3)*'Assignment Calc'!$K$5:$K$132*'Assignment Calc'!$L$5:$L$132*'Assignment Calc'!$M$5:$M$132)) -> 0 | E9: =IF(WEEKDAY(E$3,2)>5,0,SUMPRODUCT(('Assignment Calc'!$D$5:$D$132=$A9)*('Assignment Calc'!$H$5:$H$132<>"")*('Assignment Calc'!$H$5:$H$132<=E$3)*('Assignment Calc'!$I$5:$I$132>=E$3)*'Assignment Calc'!$K$5:$K$132*'Assignment Calc'!$L$5:$L$132*'Assignment Calc'!$M$5:$M$132)) -> 0 | F9: =IF(WEEKDAY(F$3,2)>5,0,SUMPRODUCT(('Assignment Calc'!$D$5:$D$132=$A9)*('Assignment Calc'!$H$5:$H$132<>"")*('Assignment Calc'!$H$5:$H$132<=F$3)*('Assignment Calc'!$I$5:$I$132>=F$3)*'Assignment Calc'!$K$5:$K$132*'Assignment Calc'!$L$5:$L$132*'Assignment Calc'!$M$5:$M$132)) -> 0 | G9: =IF(WEEKDAY(G$3,2)>5,0,SUMPRODUCT(('Assignment Calc'!$D$5:$D$132=$A9)*('Assignment Calc'!$H$5:$H$132<>"")*('Assignment Calc'!$H$5:$H$132<=G$3)*('Assignment Calc'!$I$5:$I$132>=G$3)*'Assignment Calc'!$K$5:$K$132*'Assignment Calc'!$L$5:$L$132*'Assignment Calc'!$M$5:$M$132)) -> 0 | H9: =IF(WEEKDAY(H$3,2)>5,0,SUMPRODUCT(('Assignment Calc'!$D$5:$D$132=$A9)*('Assignment Calc'!$H$5:$H$132<>"")*('Assignment Calc'!$H$5:$H$132<=H$3)*('Assignment Calc'!$I$5:$I$132>=H$3)*'Assignment Calc'!$K$5:$K$132*'Assignment Calc'!$L$5:$L$132*'Assignment Calc'!$M$5:$M$132)) -> 0 | I9: =IF(WEEKDAY(I$3,2)>5,0,SUMPRODUCT(('Assignment Calc'!$D$5:$D$132=$A9)*('Assignment Calc'!$H$5:$H$132<>"")*('Assignment Calc'!$H$5:$H$132<=I$3)*('Assignment Calc'!$I$5:$I$132>=I$3)*'Assignment Calc'!$K$5:$K$132*'Assignment Calc'!$L$5:$L$132*'Assignment Calc'!$M$5:$M$132)) -> 0 | J9: =IF(WEEKDAY(J$3,2)>5,0,SUMPRODUCT(('Assignment Calc'!$D$5:$D$132=$A9)*('Assignment Calc'!$H$5:$H$132<>"")*('Assignment Calc'!$H$5:$H$132<=J$3)*('Assignment Calc'!$I$5:$I$132>=J$3)*'Assignment Calc'!$K$5:$K$132*'Assignment Calc'!$L$5:$L$132*'Assignment Calc'!$M$5:$M$132)) -> 0 | ... CP9: =IF(WEEKDAY(CP$3,2)>5,0,SUMPRODUCT(('Assignment Calc'!$D$5:$D$132=$A9)*('Assignment Calc'!$H$5:$H$132<>"")*('Assignment Calc'!$H$5:$H$132<=CP$3)*('Assignment Calc'!$I$5:$I$132>=CP$3)*'Assignment Calc'!$K$5:$K$132*'Assignment Calc'!$L$5:$L$132*'Assignment Calc'!$M$5:$M$132)) -> 0
A10: Vishal customprofile | B10: =SUM(C10:CP10) -> 68.25 | C10: =IF(WEEKDAY(C$3,2)>5,0,SUMPRODUCT(('Assignment Calc'!$D$5:$D$132=$A10)*('Assignment Calc'!$H$5:$H$132<>"")*('Assignment Calc'!$H$5:$H$132<=C$3)*('Assignment Calc'!$I$5:$I$132>=C$3)*'Assignment Calc'!$K$5:$K$132*'Assignment Calc'!$L$5:$L$132*'Assignment Calc'!$M$5:$M$132)) -> 0 | D10: =IF(WEEKDAY(D$3,2)>5,0,SUMPRODUCT(('Assignment Calc'!$D$5:$D$132=$A10)*('Assignment Calc'!$H$5:$H$132<>"")*('Assignment Calc'!$H$5:$H$132<=D$3)*('Assignment Calc'!$I$5:$I$132>=D$3)*'Assignment Calc'!$K$5:$K$132*'Assignment Calc'!$L$5:$L$132*'Assignment Calc'!$M$5:$M$132)) -> 0 | E10: =IF(WEEKDAY(E$3,2)>5,0,SUMPRODUCT(('Assignment Calc'!$D$5:$D$132=$A10)*('Assignment Calc'!$H$5:$H$132<>"")*('Assignment Calc'!$H$5:$H$132<=E$3)*('Assignment Calc'!$I$5:$I$132>=E$3)*'Assignment Calc'!$K$5:$K$132*'Assignment Calc'!$L$5:$L$132*'Assignment Calc'!$M$5:$M$132)) -> 0 | F10: =IF(WEEKDAY(F$3,2)>5,0,SUMPRODUCT(('Assignment Calc'!$D$5:$D$132=$A10)*('Assignment Calc'!$H$5:$H$132<>"")*('Assignment Calc'!$H$5:$H$132<=F$3)*('Assignment Calc'!$I$5:$I$132>=F$3)*'Assignment Calc'!$K$5:$K$132*'Assignment Calc'!$L$5:$L$132*'Assignment Calc'!$M$5:$M$132)) -> 0 | G10: =IF(WEEKDAY(G$3,2)>5,0,SUMPRODUCT(('Assignment Calc'!$D$5:$D$132=$A10)*('Assignment Calc'!$H$5:$H$132<>"")*('Assignment Calc'!$H$5:$H$132<=G$3)*('Assignment Calc'!$I$5:$I$132>=G$3)*'Assignment Calc'!$K$5:$K$132*'Assignment Calc'!$L$5:$L$132*'Assignment Calc'!$M$5:$M$132)) -> 0 | H10: =IF(WEEKDAY(H$3,2)>5,0,SUMPRODUCT(('Assignment Calc'!$D$5:$D$132=$A10)*('Assignment Calc'!$H$5:$H$132<>"")*('Assignment Calc'!$H$5:$H$132<=H$3)*('Assignment Calc'!$I$5:$I$132>=H$3)*'Assignment Calc'!$K$5:$K$132*'Assignment Calc'!$L$5:$L$132*'Assignment Calc'!$M$5:$M$132)) -> 0 | I10: =IF(WEEKDAY(I$3,2)>5,0,SUMPRODUCT(('Assignment Calc'!$D$5:$D$132=$A10)*('Assignment Calc'!$H$5:$H$132<>"")*('Assignment Calc'!$H$5:$H$132<=I$3)*('Assignment Calc'!$I$5:$I$132>=I$3)*'Assignment Calc'!$K$5:$K$132*'Assignment Calc'!$L$5:$L$132*'Assignment Calc'!$M$5:$M$132)) -> 0 | J10: =IF(WEEKDAY(J$3,2)>5,0,SUMPRODUCT(('Assignment Calc'!$D$5:$D$132=$A10)*('Assignment Calc'!$H$5:$H$132<>"")*('Assignment Calc'!$H$5:$H$132<=J$3)*('Assignment Calc'!$I$5:$I$132>=J$3)*'Assignment Calc'!$K$5:$K$132*'Assignment Calc'!$L$5:$L$132*'Assignment Calc'!$M$5:$M$132)) -> 0 | ... CP10: =IF(WEEKDAY(CP$3,2)>5,0,SUMPRODUCT(('Assignment Calc'!$D$5:$D$132=$A10)*('Assignment Calc'!$H$5:$H$132<>"")*('Assignment Calc'!$H$5:$H$132<=CP$3)*('Assignment Calc'!$I$5:$I$132>=CP$3)*'Assignment Calc'!$K$5:$K$132*'Assignment Calc'!$L$5:$L$132*'Assignment Calc'!$M$5:$M$132)) -> 0
A11: UIAutomation_Workload_Resource | B11: =SUM(C11:CP11) -> 177.75 | C11: =IF(WEEKDAY(C$3,2)>5,0,SUMPRODUCT(('Assignment Calc'!$D$5:$D$132=$A11)*('Assignment Calc'!$H$5:$H$132<>"")*('Assignment Calc'!$H$5:$H$132<=C$3)*('Assignment Calc'!$I$5:$I$132>=C$3)*'Assignment Calc'!$K$5:$K$132*'Assignment Calc'!$L$5:$L$132*'Assignment Calc'!$M$5:$M$132)) -> 0 | D11: =IF(WEEKDAY(D$3,2)>5,0,SUMPRODUCT(('Assignment Calc'!$D$5:$D$132=$A11)*('Assignment Calc'!$H$5:$H$132<>"")*('Assignment Calc'!$H$5:$H$132<=D$3)*('Assignment Calc'!$I$5:$I$132>=D$3)*'Assignment Calc'!$K$5:$K$132*'Assignment Calc'!$L$5:$L$132*'Assignment Calc'!$M$5:$M$132)) -> 0 | E11: =IF(WEEKDAY(E$3,2)>5,0,SUMPRODUCT(('Assignment Calc'!$D$5:$D$132=$A11)*('Assignment Calc'!$H$5:$H$132<>"")*('Assignment Calc'!$H$5:$H$132<=E$3)*('Assignment Calc'!$I$5:$I$132>=E$3)*'Assignment Calc'!$K$5:$K$132*'Assignment Calc'!$L$5:$L$132*'Assignment Calc'!$M$5:$M$132)) -> 0 | F11: =IF(WEEKDAY(F$3,2)>5,0,SUMPRODUCT(('Assignment Calc'!$D$5:$D$132=$A11)*('Assignment Calc'!$H$5:$H$132<>"")*('Assignment Calc'!$H$5:$H$132<=F$3)*('Assignment Calc'!$I$5:$I$132>=F$3)*'Assignment Calc'!$K$5:$K$132*'Assignment Calc'!$L$5:$L$132*'Assignment Calc'!$M$5:$M$132)) -> 0 | G11: =IF(WEEKDAY(G$3,2)>5,0,SUMPRODUCT(('Assignment Calc'!$D$5:$D$132=$A11)*('Assignment Calc'!$H$5:$H$132<>"")*('Assignment Calc'!$H$5:$H$132<=G$3)*('Assignment Calc'!$I$5:$I$132>=G$3)*'Assignment Calc'!$K$5:$K$132*'Assignment Calc'!$L$5:$L$132*'Assignment Calc'!$M$5:$M$132)) -> 0 | H11: =IF(WEEKDAY(H$3,2)>5,0,SUMPRODUCT(('Assignment Calc'!$D$5:$D$132=$A11)*('Assignment Calc'!$H$5:$H$132<>"")*('Assignment Calc'!$H$5:$H$132<=H$3)*('Assignment Calc'!$I$5:$I$132>=H$3)*'Assignment Calc'!$K$5:$K$132*'Assignment Calc'!$L$5:$L$132*'Assignment Calc'!$M$5:$M$132)) -> 0 | I11: =IF(WEEKDAY(I$3,2)>5,0,SUMPRODUCT(('Assignment Calc'!$D$5:$D$132=$A11)*('Assignment Calc'!$H$5:$H$132<>"")*('Assignment Calc'!$H$5:$H$132<=I$3)*('Assignment Calc'!$I$5:$I$132>=I$3)*'Assignment Calc'!$K$5:$K$132*'Assignment Calc'!$L$5:$L$132*'Assignment Calc'!$M$5:$M$132)) -> 0 | J11: =IF(WEEKDAY(J$3,2)>5,0,SUMPRODUCT(('Assignment Calc'!$D$5:$D$132=$A11)*('Assignment Calc'!$H$5:$H$132<>"")*('Assignment Calc'!$H$5:$H$132<=J$3)*('Assignment Calc'!$I$5:$I$132>=J$3)*'Assignment Calc'!$K$5:$K$132*'Assignment Calc'!$L$5:$L$132*'Assignment Calc'!$M$5:$M$132)) -> 0 | ... CP11: =IF(WEEKDAY(CP$3,2)>5,0,SUMPRODUCT(('Assignment Calc'!$D$5:$D$132=$A11)*('Assignment Calc'!$H$5:$H$132<>"")*('Assignment Calc'!$H$5:$H$132<=CP$3)*('Assignment Calc'!$I$5:$I$132>=CP$3)*'Assignment Calc'!$K$5:$K$132*'Assignment Calc'!$L$5:$L$132*'Assignment Calc'!$M$5:$M$132)) -> 13.5
A12: Unassigned | B12: =SUM(C12:CP12) -> 0 | C12: =IF(WEEKDAY(C$3,2)>5,0,SUMPRODUCT(('Assignment Calc'!$D$5:$D$132=$A12)*('Assignment Calc'!$H$5:$H$132<>"")*('Assignment Calc'!$H$5:$H$132<=C$3)*('Assignment Calc'!$I$5:$I$132>=C$3)*'Assignment Calc'!$K$5:$K$132*'Assignment Calc'!$L$5:$L$132*'Assignment Calc'!$M$5:$M$132)) -> 0 | D12: =IF(WEEKDAY(D$3,2)>5,0,SUMPRODUCT(('Assignment Calc'!$D$5:$D$132=$A12)*('Assignment Calc'!$H$5:$H$132<>"")*('Assignment Calc'!$H$5:$H$132<=D$3)*('Assignment Calc'!$I$5:$I$132>=D$3)*'Assignment Calc'!$K$5:$K$132*'Assignment Calc'!$L$5:$L$132*'Assignment Calc'!$M$5:$M$132)) -> 0 | E12: =IF(WEEKDAY(E$3,2)>5,0,SUMPRODUCT(('Assignment Calc'!$D$5:$D$132=$A12)*('Assignment Calc'!$H$5:$H$132<>"")*('Assignment Calc'!$H$5:$H$132<=E$3)*('Assignment Calc'!$I$5:$I$132>=E$3)*'Assignment Calc'!$K$5:$K$132*'Assignment Calc'!$L$5:$L$132*'Assignment Calc'!$M$5:$M$132)) -> 0 | F12: =IF(WEEKDAY(F$3,2)>5,0,SUMPRODUCT(('Assignment Calc'!$D$5:$D$132=$A12)*('Assignment Calc'!$H$5:$H$132<>"")*('Assignment Calc'!$H$5:$H$132<=F$3)*('Assignment Calc'!$I$5:$I$132>=F$3)*'Assignment Calc'!$K$5:$K$132*'Assignment Calc'!$L$5:$L$132*'Assignment Calc'!$M$5:$M$132)) -> 0 | G12: =IF(WEEKDAY(G$3,2)>5,0,SUMPRODUCT(('Assignment Calc'!$D$5:$D$132=$A12)*('Assignment Calc'!$H$5:$H$132<>"")*('Assignment Calc'!$H$5:$H$132<=G$3)*('Assignment Calc'!$I$5:$I$132>=G$3)*'Assignment Calc'!$K$5:$K$132*'Assignment Calc'!$L$5:$L$132*'Assignment Calc'!$M$5:$M$132)) -> 0 | H12: =IF(WEEKDAY(H$3,2)>5,0,SUMPRODUCT(('Assignment Calc'!$D$5:$D$132=$A12)*('Assignment Calc'!$H$5:$H$132<>"")*('Assignment Calc'!$H$5:$H$132<=H$3)*('Assignment Calc'!$I$5:$I$132>=H$3)*'Assignment Calc'!$K$5:$K$132*'Assignment Calc'!$L$5:$L$132*'Assignment Calc'!$M$5:$M$132)) -> 0 | I12: =IF(WEEKDAY(I$3,2)>5,0,SUMPRODUCT(('Assignment Calc'!$D$5:$D$132=$A12)*('Assignment Calc'!$H$5:$H$132<>"")*('Assignment Calc'!$H$5:$H$132<=I$3)*('Assignment Calc'!$I$5:$I$132>=I$3)*'Assignment Calc'!$K$5:$K$132*'Assignment Calc'!$L$5:$L$132*'Assignment Calc'!$M$5:$M$132)) -> 0 | J12: =IF(WEEKDAY(J$3,2)>5,0,SUMPRODUCT(('Assignment Calc'!$D$5:$D$132=$A12)*('Assignment Calc'!$H$5:$H$132<>"")*('Assignment Calc'!$H$5:$H$132<=J$3)*('Assignment Calc'!$I$5:$I$132>=J$3)*'Assignment Calc'!$K$5:$K$132*'Assignment Calc'!$L$5:$L$132*'Assignment Calc'!$M$5:$M$132)) -> 0 | ... CP12: =IF(WEEKDAY(CP$3,2)>5,0,SUMPRODUCT(('Assignment Calc'!$D$5:$D$132=$A12)*('Assignment Calc'!$H$5:$H$132<>"")*('Assignment Calc'!$H$5:$H$132<=CP$3)*('Assignment Calc'!$I$5:$I$132>=CP$3)*'Assignment Calc'!$K$5:$K$132*'Assignment Calc'!$L$5:$L$132*'Assignment Calc'!$M$5:$M$132)) -> 0

Sheet Weekly Expected
A1: User | B1: Week start (Mon) | C1: Week end (Sun) | D1: Working days in Q4 | E1: Allocated hrs | F1: Available hrs | G1: Allocation % | H1: State | I1: Closed/Cancelled hrs
A2: Vishal workload | B2: 46293 | C2: 46299 | D2: =NETWORKDAYS(MAX(B2,DATE(2026,10,1)),MIN(C2,DATE(2026,12,31))) -> 2 | E2: =SUMPRODUCT(('Daily Expected'!$A$4:$A$12=$A2)*('Daily Expected'!$C$3:$CP$3>=$B2)*('Daily Expected'!$C$3:$CP$3<=$C2)*'Daily Expected'!$C$4:$CP$12) -> 63 | F2: =IF($A2="Unassigned",0,D2*'Assignment Calc'!$B$1) -> 18 | G2: =IF(F2=0,0,E2/F2) -> 3.5 | H2: =IF($A2="Unassigned",IF(E2>0,"Unassigned hours","-"),IF(E2=0,"Unallocated",IF(E2>F2+0.0001,"Over-allocated",IF(ABS(E2-F2)<0.0001,"Optimally allocated","Under-allocated")))) -> Over-allocated | I2: =SUMPRODUCT(('Daily Closed-Cancelled'!$A$4:$A$12=$A2)*('Daily Closed-Cancelled'!$C$3:$CP$3>=$B2)*('Daily Closed-Cancelled'!$C$3:$CP$3<=$C2)*'Daily Closed-Cancelled'!$C$4:$CP$12) -> 18
A3: Vishal workload | B3: 46300 | C3: 46306 | D3: =NETWORKDAYS(MAX(B3,DATE(2026,10,1)),MIN(C3,DATE(2026,12,31))) -> 5 | E3: =SUMPRODUCT(('Daily Expected'!$A$4:$A$12=$A3)*('Daily Expected'!$C$3:$CP$3>=$B3)*('Daily Expected'!$C$3:$CP$3<=$C3)*'Daily Expected'!$C$4:$CP$12) -> 165 | F3: =IF($A3="Unassigned",0,D3*'Assignment Calc'!$B$1) -> 45 | G3: =IF(F3=0,0,E3/F3) -> 3.6666667 | H3: =IF($A3="Unassigned",IF(E3>0,"Unassigned hours","-"),IF(E3=0,"Unallocated",IF(E3>F3+0.0001,"Over-allocated",IF(ABS(E3-F3)<0.0001,"Optimally allocated","Under-allocated")))) -> Over-allocated | I3: =SUMPRODUCT(('Daily Closed-Cancelled'!$A$4:$A$12=$A3)*('Daily Closed-Cancelled'!$C$3:$CP$3>=$B3)*('Daily Closed-Cancelled'!$C$3:$CP$3<=$C3)*'Daily Closed-Cancelled'!$C$4:$CP$12) -> 45
A4: Vishal workload | B4: 46307 | C4: 46313 | D4: =NETWORKDAYS(MAX(B4,DATE(2026,10,1)),MIN(C4,DATE(2026,12,31))) -> 5 | E4: =SUMPRODUCT(('Daily Expected'!$A$4:$A$12=$A4)*('Daily Expected'!$C$3:$CP$3>=$B4)*('Daily Expected'!$C$3:$CP$3<=$C4)*'Daily Expected'!$C$4:$CP$12) -> 157.5 | F4: =IF($A4="Unassigned",0,D4*'Assignment Calc'!$B$1) -> 45 | G4: =IF(F4=0,0,E4/F4) -> 3.5 | H4: =IF($A4="Unassigned",IF(E4>0,"Unassigned hours","-"),IF(E4=0,"Unallocated",IF(E4>F4+0.0001,"Over-allocated",IF(ABS(E4-F4)<0.0001,"Optimally allocated","Under-allocated")))) -> Over-allocated | I4: =SUMPRODUCT(('Daily Closed-Cancelled'!$A$4:$A$12=$A4)*('Daily Closed-Cancelled'!$C$3:$CP$3>=$B4)*('Daily Closed-Cancelled'!$C$3:$CP$3<=$C4)*'Daily Closed-Cancelled'!$C$4:$CP$12) -> 45
A5: Vishal workload | B5: 46314 | C5: 46320 | D5: =NETWORKDAYS(MAX(B5,DATE(2026,10,1)),MIN(C5,DATE(2026,12,31))) -> 5 | E5: =SUMPRODUCT(('Daily Expected'!$A$4:$A$12=$A5)*('Daily Expected'!$C$3:$CP$3>=$B5)*('Daily Expected'!$C$3:$CP$3<=$C5)*'Daily Expected'!$C$4:$CP$12) -> 135 | F5: =IF($A5="Unassigned",0,D5*'Assignment Calc'!$B$1) -> 45 | G5: =IF(F5=0,0,E5/F5) -> 3 | H5: =IF($A5="Unassigned",IF(E5>0,"Unassigned hours","-"),IF(E5=0,"Unallocated",IF(E5>F5+0.0001,"Over-allocated",IF(ABS(E5-F5)<0.0001,"Optimally allocated","Under-allocated")))) -> Over-allocated | I5: =SUMPRODUCT(('Daily Closed-Cancelled'!$A$4:$A$12=$A5)*('Daily Closed-Cancelled'!$C$3:$CP$3>=$B5)*('Daily Closed-Cancelled'!$C$3:$CP$3<=$C5)*'Daily Closed-Cancelled'!$C$4:$CP$12) -> 45
A6: Vishal workload | B6: 46321 | C6: 46327 | D6: =NETWORKDAYS(MAX(B6,DATE(2026,10,1)),MIN(C6,DATE(2026,12,31))) -> 5 | E6: =SUMPRODUCT(('Daily Expected'!$A$4:$A$12=$A6)*('Daily Expected'!$C$3:$CP$3>=$B6)*('Daily Expected'!$C$3:$CP$3<=$C6)*'Daily Expected'!$C$4:$CP$12) -> 112.5 | F6: =IF($A6="Unassigned",0,D6*'Assignment Calc'!$B$1) -> 45 | G6: =IF(F6=0,0,E6/F6) -> 2.5 | H6: =IF($A6="Unassigned",IF(E6>0,"Unassigned hours","-"),IF(E6=0,"Unallocated",IF(E6>F6+0.0001,"Over-allocated",IF(ABS(E6-F6)<0.0001,"Optimally allocated","Under-allocated")))) -> Over-allocated | I6: =SUMPRODUCT(('Daily Closed-Cancelled'!$A$4:$A$12=$A6)*('Daily Closed-Cancelled'!$C$3:$CP$3>=$B6)*('Daily Closed-Cancelled'!$C$3:$CP$3<=$C6)*'Daily Closed-Cancelled'!$C$4:$CP$12) -> 45
A7: Vishal workload | B7: 46328 | C7: 46334 | D7: =NETWORKDAYS(MAX(B7,DATE(2026,10,1)),MIN(C7,DATE(2026,12,31))) -> 5 | E7: =SUMPRODUCT(('Daily Expected'!$A$4:$A$12=$A7)*('Daily Expected'!$C$3:$CP$3>=$B7)*('Daily Expected'!$C$3:$CP$3<=$C7)*'Daily Expected'!$C$4:$CP$12) -> 67.5 | F7: =IF($A7="Unassigned",0,D7*'Assignment Calc'!$B$1) -> 45 | G7: =IF(F7=0,0,E7/F7) -> 1.5 | H7: =IF($A7="Unassigned",IF(E7>0,"Unassigned hours","-"),IF(E7=0,"Unallocated",IF(E7>F7+0.0001,"Over-allocated",IF(ABS(E7-F7)<0.0001,"Optimally allocated","Under-allocated")))) -> Over-allocated | I7: =SUMPRODUCT(('Daily Closed-Cancelled'!$A$4:$A$12=$A7)*('Daily Closed-Cancelled'!$C$3:$CP$3>=$B7)*('Daily Closed-Cancelled'!$C$3:$CP$3<=$C7)*'Daily Closed-Cancelled'!$C$4:$CP$12) -> 0
A8: Vishal workload | B8: 46335 | C8: 46341 | D8: =NETWORKDAYS(MAX(B8,DATE(2026,10,1)),MIN(C8,DATE(2026,12,31))) -> 5 | E8: =SUMPRODUCT(('Daily Expected'!$A$4:$A$12=$A8)*('Daily Expected'!$C$3:$CP$3>=$B8)*('Daily Expected'!$C$3:$CP$3<=$C8)*'Daily Expected'!$C$4:$CP$12) -> 42.5 | F8: =IF($A8="Unassigned",0,D8*'Assignment Calc'!$B$1) -> 45 | G8: =IF(F8=0,0,E8/F8) -> 0.94444444 | H8: =IF($A8="Unassigned",IF(E8>0,"Unassigned hours","-"),IF(E8=0,"Unallocated",IF(E8>F8+0.0001,"Over-allocated",IF(ABS(E8-F8)<0.0001,"Optimally allocated","Under-allocated")))) -> Under-allocated | I8: =SUMPRODUCT(('Daily Closed-Cancelled'!$A$4:$A$12=$A8)*('Daily Closed-Cancelled'!$C$3:$CP$3>=$B8)*('Daily Closed-Cancelled'!$C$3:$CP$3<=$C8)*'Daily Closed-Cancelled'!$C$4:$CP$12) -> 0
A9: Vishal workload | B9: 46342 | C9: 46348 | D9: =NETWORKDAYS(MAX(B9,DATE(2026,10,1)),MIN(C9,DATE(2026,12,31))) -> 5 | E9: =SUMPRODUCT(('Daily Expected'!$A$4:$A$12=$A9)*('Daily Expected'!$C$3:$CP$3>=$B9)*('Daily Expected'!$C$3:$CP$3<=$C9)*'Daily Expected'!$C$4:$CP$12) -> 0 | F9: =IF($A9="Unassigned",0,D9*'Assignment Calc'!$B$1) -> 45 | G9: =IF(F9=0,0,E9/F9) -> 0 | H9: =IF($A9="Unassigned",IF(E9>0,"Unassigned hours","-"),IF(E9=0,"Unallocated",IF(E9>F9+0.0001,"Over-allocated",IF(ABS(E9-F9)<0.0001,"Optimally allocated","Under-allocated")))) -> Unallocated | I9: =SUMPRODUCT(('Daily Closed-Cancelled'!$A$4:$A$12=$A9)*('Daily Closed-Cancelled'!$C$3:$CP$3>=$B9)*('Daily Closed-Cancelled'!$C$3:$CP$3<=$C9)*'Daily Closed-Cancelled'!$C$4:$CP$12) -> 0
A10: Vishal workload | B10: 46349 | C10: 46355 | D10: =NETWORKDAYS(MAX(B10,DATE(2026,10,1)),MIN(C10,DATE(2026,12,31))) -> 5 | E10: =SUMPRODUCT(('Daily Expected'!$A$4:$A$12=$A10)*('Daily Expected'!$C$3:$CP$3>=$B10)*('Daily Expected'!$C$3:$CP$3<=$C10)*'Daily Expected'!$C$4:$CP$12) -> 47.5 | F10: =IF($A10="Unassigned",0,D10*'Assignment Calc'!$B$1) -> 45 | G10: =IF(F10=0,0,E10/F10) -> 1.0555556 | H10: =IF($A10="Unassigned",IF(E10>0,"Unassigned hours","-"),IF(E10=0,"Unallocated",IF(E10>F10+0.0001,"Over-allocated",IF(ABS(E10-F10)<0.0001,"Optimally allocated","Under-allocated")))) -> Over-allocated | I10: =SUMPRODUCT(('Daily Closed-Cancelled'!$A$4:$A$12=$A10)*('Daily Closed-Cancelled'!$C$3:$CP$3>=$B10)*('Daily Closed-Cancelled'!$C$3:$CP$3<=$C10)*'Daily Closed-Cancelled'!$C$4:$CP$12) -> 25
A11: Vishal workload | B11: 46356 | C11: 46362 | D11: =NETWORKDAYS(MAX(B11,DATE(2026,10,1)),MIN(C11,DATE(2026,12,31))) -> 5 | E11: =SUMPRODUCT(('Daily Expected'!$A$4:$A$12=$A11)*('Daily Expected'!$C$3:$CP$3>=$B11)*('Daily Expected'!$C$3:$CP$3<=$C11)*'Daily Expected'!$C$4:$CP$12) -> 18 | F11: =IF($A11="Unassigned",0,D11*'Assignment Calc'!$B$1) -> 45 | G11: =IF(F11=0,0,E11/F11) -> 0.4 | H11: =IF($A11="Unassigned",IF(E11>0,"Unassigned hours","-"),IF(E11=0,"Unallocated",IF(E11>F11+0.0001,"Over-allocated",IF(ABS(E11-F11)<0.0001,"Optimally allocated","Under-allocated")))) -> Under-allocated | I11: =SUMPRODUCT(('Daily Closed-Cancelled'!$A$4:$A$12=$A11)*('Daily Closed-Cancelled'!$C$3:$CP$3>=$B11)*('Daily Closed-Cancelled'!$C$3:$CP$3<=$C11)*'Daily Closed-Cancelled'!$C$4:$CP$12) -> 0
A12: Vishal workload | B12: 46363 | C12: 46369 | D12: =NETWORKDAYS(MAX(B12,DATE(2026,10,1)),MIN(C12,DATE(2026,12,31))) -> 5 | E12: =SUMPRODUCT(('Daily Expected'!$A$4:$A$12=$A12)*('Daily Expected'!$C$3:$CP$3>=$B12)*('Daily Expected'!$C$3:$CP$3<=$C12)*'Daily Expected'!$C$4:$CP$12) -> 15 | F12: =IF($A12="Unassigned",0,D12*'Assignment Calc'!$B$1) -> 45 | G12: =IF(F12=0,0,E12/F12) -> 0.33333333 | H12: =IF($A12="Unassigned",IF(E12>0,"Unassigned hours","-"),IF(E12=0,"Unallocated",IF(E12>F12+0.0001,"Over-allocated",IF(ABS(E12-F12)<0.0001,"Optimally allocated","Under-allocated")))) -> Under-allocated | I12: =SUMPRODUCT(('Daily Closed-Cancelled'!$A$4:$A$12=$A12)*('Daily Closed-Cancelled'!$C$3:$CP$3>=$B12)*('Daily Closed-Cancelled'!$C$3:$CP$3<=$C12)*'Daily Closed-Cancelled'!$C$4:$CP$12) -> 0
A13: Vishal workload | B13: 46370 | C13: 46376 | D13: =NETWORKDAYS(MAX(B13,DATE(2026,10,1)),MIN(C13,DATE(2026,12,31))) -> 5 | E13: =SUMPRODUCT(('Daily Expected'!$A$4:$A$12=$A13)*('Daily Expected'!$C$3:$CP$3>=$B13)*('Daily Expected'!$C$3:$CP$3<=$C13)*'Daily Expected'!$C$4:$CP$12) -> 0 | F13: =IF($A13="Unassigned",0,D13*'Assignment Calc'!$B$1) -> 45 | G13: =IF(F13=0,0,E13/F13) -> 0 | H13: =IF($A13="Unassigned",IF(E13>0,"Unassigned hours","-"),IF(E13=0,"Unallocated",IF(E13>F13+0.0001,"Over-allocated",IF(ABS(E13-F13)<0.0001,"Optimally allocated","Under-allocated")))) -> Unallocated | I13: =SUMPRODUCT(('Daily Closed-Cancelled'!$A$4:$A$12=$A13)*('Daily Closed-Cancelled'!$C$3:$CP$3>=$B13)*('Daily Closed-Cancelled'!$C$3:$CP$3<=$C13)*'Daily Closed-Cancelled'!$C$4:$CP$12) -> 0
... A127: Unassigned | B127: 46384 | C127: 46390 | D127: =NETWORKDAYS(MAX(B127,DATE(2026,10,1)),MIN(C127,DATE(2026,12,31))) -> 4 | E127: =SUMPRODUCT(('Daily Expected'!$A$4:$A$12=$A127)*('Daily Expected'!$C$3:$CP$3>=$B127)*('Daily Expected'!$C$3:$CP$3<=$C127)*'Daily Expected'!$C$4:$CP$12) -> 0 | F127: =IF($A127="Unassigned",0,D127*'Assignment Calc'!$B$1) -> 0 | G127: =IF(F127=0,0,E127/F127) -> 0 | H127: =IF($A127="Unassigned",IF(E127>0,"Unassigned hours","-"),IF(E127=0,"Unallocated",IF(E127>F127+0.0001,"Over-allocated",IF(ABS(E127-F127)<0.0001,"Optimally allocated","Under-allocated")))) -> - | I127: =SUMPRODUCT(('Daily Closed-Cancelled'!$A$4:$A$12=$A127)*('Daily Closed-Cancelled'!$C$3:$CP$3>=$B127)*('Daily Closed-Cancelled'!$C$3:$CP$3<=$C127)*'Daily Closed-Cancelled'!$C$4:$CP$12) -> 0
A129: Note: a week is mixed when daily states differ (e.g. an edge task on 1-2 Oct). State uses the weekly total vs weekly availability, which is how the Weeks view buckets data.

Sheet Monthly Expected
A1: User | B1: Month | C1: From | D1: To | E1: Working days | F1: Allocated hrs | G1: Allocated man-days | H1: Available hrs | I1: Allocation % | J1: State (month total) | K1: Closed/Cancelled hrs | L1: Allocated excl. Closed/Cancelled | M1: Over days | N1: Optimal days | O1: Under days | P1: Unallocated working days
A2: Vishal workload | B2: Oct 2026 | C2: 46296 | D2: 46326 | E2: =NETWORKDAYS(C2,D2) -> 22 | F2: =SUMPRODUCT(('Daily Expected'!$A$4:$A$12=$A2)*('Daily Expected'!$C$3:$CP$3>=$C2)*('Daily Expected'!$C$3:$CP$3<=$D2)*'Daily Expected'!$C$4:$CP$12) -> 633 | G2: =F2/'Assignment Calc'!$B$1 -> 70.333333 | H2: =IF($A2="Unassigned",0,E2*'Assignment Calc'!$B$1) -> 198 | I2: =IF(H2=0,0,F2/H2) -> 3.1969697 | J2: =IF($A2="Unassigned",IF(F2>0,"Unassigned hours","-"),IF(F2=0,"Unallocated",IF(F2>H2+0.0001,"Over-allocated",IF(ABS(F2-H2)<0.0001,"Optimally allocated","Under-allocated")))) -> Over-allocated | K2: =SUMPRODUCT(('Daily Closed-Cancelled'!$A$4:$A$12=$A2)*('Daily Closed-Cancelled'!$C$3:$CP$3>=$C2)*('Daily Closed-Cancelled'!$C$3:$CP$3<=$D2)*'Daily Closed-Cancelled'!$C$4:$CP$12) -> 198 | L2: =F2-K2 -> 435 | M2: =SUMPRODUCT(('Daily Expected'!$A$4:$A$12=$A2)*('Daily Expected'!$C$3:$CP$3>=$C2)*('Daily Expected'!$C$3:$CP$3<=$D2)*(WEEKDAY('Daily Expected'!$C$3:$CP$3,2)<6)*('Daily Expected'!$C$4:$CP$12>'Assignment Calc'!$B$1+0.0001)) -> 22 | N2: =SUMPRODUCT(('Daily Expected'!$A$4:$A$12=$A2)*('Daily Expected'!$C$3:$CP$3>=$C2)*('Daily Expected'!$C$3:$CP$3<=$D2)*(WEEKDAY('Daily Expected'!$C$3:$CP$3,2)<6)*(ABS('Daily Expected'!$C$4:$CP$12-'Assignment Calc'!$B$1)<0.0001)) -> 0 | O2: =SUMPRODUCT(('Daily Expected'!$A$4:$A$12=$A2)*('Daily Expected'!$C$3:$CP$3>=$C2)*('Daily Expected'!$C$3:$CP$3<=$D2)*(WEEKDAY('Daily Expected'!$C$3:$CP$3,2)<6)*('Daily Expected'!$C$4:$CP$12>0)*('Daily Expected'!$C$4:$CP$12<'Assignment Calc'!$B$1-0.0001)) -> 0 | P2: =SUMPRODUCT(('Daily Expected'!$A$4:$A$12=$A2)*('Daily Expected'!$C$3:$CP$3>=$C2)*('Daily Expected'!$C$3:$CP$3<=$D2)*(WEEKDAY('Daily Expected'!$C$3:$CP$3,2)<6)*('Daily Expected'!$C$4:$CP$12=0)) -> 0
A3: Vishal workload | B3: Nov 2026 | C3: 46327 | D3: 46356 | E3: =NETWORKDAYS(C3,D3) -> 21 | F3: =SUMPRODUCT(('Daily Expected'!$A$4:$A$12=$A3)*('Daily Expected'!$C$3:$CP$3>=$C3)*('Daily Expected'!$C$3:$CP$3<=$D3)*'Daily Expected'!$C$4:$CP$12) -> 157.5 | G3: =F3/'Assignment Calc'!$B$1 -> 17.5 | H3: =IF($A3="Unassigned",0,E3*'Assignment Calc'!$B$1) -> 189 | I3: =IF(H3=0,0,F3/H3) -> 0.83333333 | J3: =IF($A3="Unassigned",IF(F3>0,"Unassigned hours","-"),IF(F3=0,"Unallocated",IF(F3>H3+0.0001,"Over-allocated",IF(ABS(F3-H3)<0.0001,"Optimally allocated","Under-allocated")))) -> Under-allocated | K3: =SUMPRODUCT(('Daily Closed-Cancelled'!$A$4:$A$12=$A3)*('Daily Closed-Cancelled'!$C$3:$CP$3>=$C3)*('Daily Closed-Cancelled'!$C$3:$CP$3<=$D3)*'Daily Closed-Cancelled'!$C$4:$CP$12) -> 25 | L3: =F3-K3 -> 132.5 | M3: =SUMPRODUCT(('Daily Expected'!$A$4:$A$12=$A3)*('Daily Expected'!$C$3:$CP$3>=$C3)*('Daily Expected'!$C$3:$CP$3<=$D3)*(WEEKDAY('Daily Expected'!$C$3:$CP$3,2)<6)*('Daily Expected'!$C$4:$CP$12>'Assignment Calc'!$B$1+0.0001)) -> 10 | N3: =SUMPRODUCT(('Daily Expected'!$A$4:$A$12=$A3)*('Daily Expected'!$C$3:$CP$3>=$C3)*('Daily Expected'!$C$3:$CP$3<=$D3)*(WEEKDAY('Daily Expected'!$C$3:$CP$3,2)<6)*(ABS('Daily Expected'!$C$4:$CP$12-'Assignment Calc'!$B$1)<0.0001)) -> 0 | O3: =SUMPRODUCT(('Daily Expected'!$A$4:$A$12=$A3)*('Daily Expected'!$C$3:$CP$3>=$C3)*('Daily Expected'!$C$3:$CP$3<=$D3)*(WEEKDAY('Daily Expected'!$C$3:$CP$3,2)<6)*('Daily Expected'!$C$4:$CP$12>0)*('Daily Expected'!$C$4:$CP$12<'Assignment Calc'!$B$1-0.0001)) -> 5 | P3: =SUMPRODUCT(('Daily Expected'!$A$4:$A$12=$A3)*('Daily Expected'!$C$3:$CP$3>=$C3)*('Daily Expected'!$C$3:$CP$3<=$D3)*(WEEKDAY('Daily Expected'!$C$3:$CP$3,2)<6)*('Daily Expected'!$C$4:$CP$12=0)) -> 6
A4: Vishal workload | B4: Dec 2026 | C4: 46357 | D4: 46387 | E4: =NETWORKDAYS(C4,D4) -> 23 | F4: =SUMPRODUCT(('Daily Expected'!$A$4:$A$12=$A4)*('Daily Expected'!$C$3:$CP$3>=$C4)*('Daily Expected'!$C$3:$CP$3<=$D4)*'Daily Expected'!$C$4:$CP$12) -> 129 | G4: =F4/'Assignment Calc'!$B$1 -> 14.333333 | H4: =IF($A4="Unassigned",0,E4*'Assignment Calc'!$B$1) -> 207 | I4: =IF(H4=0,0,F4/H4) -> 0.62318841 | J4: =IF($A4="Unassigned",IF(F4>0,"Unassigned hours","-"),IF(F4=0,"Unallocated",IF(F4>H4+0.0001,"Over-allocated",IF(ABS(F4-H4)<0.0001,"Optimally allocated","Under-allocated")))) -> Under-allocated | K4: =SUMPRODUCT(('Daily Closed-Cancelled'!$A$4:$A$12=$A4)*('Daily Closed-Cancelled'!$C$3:$CP$3>=$C4)*('Daily Closed-Cancelled'!$C$3:$CP$3<=$D4)*'Daily Closed-Cancelled'!$C$4:$CP$12) -> 0 | L4: =F4-K4 -> 129 | M4: =SUMPRODUCT(('Daily Expected'!$A$4:$A$12=$A4)*('Daily Expected'!$C$3:$CP$3>=$C4)*('Daily Expected'!$C$3:$CP$3<=$D4)*(WEEKDAY('Daily Expected'!$C$3:$CP$3,2)<6)*('Daily Expected'!$C$4:$CP$12>'Assignment Calc'!$B$1+0.0001)) -> 5 | N4: =SUMPRODUCT(('Daily Expected'!$A$4:$A$12=$A4)*('Daily Expected'!$C$3:$CP$3>=$C4)*('Daily Expected'!$C$3:$CP$3<=$D4)*(WEEKDAY('Daily Expected'!$C$3:$CP$3,2)<6)*(ABS('Daily Expected'!$C$4:$CP$12-'Assignment Calc'!$B$1)<0.0001)) -> 4 | O4: =SUMPRODUCT(('Daily Expected'!$A$4:$A$12=$A4)*('Daily Expected'!$C$3:$CP$3>=$C4)*('Daily Expected'!$C$3:$CP$3<=$D4)*(WEEKDAY('Daily Expected'!$C$3:$CP$3,2)<6)*('Daily Expected'!$C$4:$CP$12>0)*('Daily Expected'!$C$4:$CP$12<'Assignment Calc'!$B$1-0.0001)) -> 9 | P4: =SUMPRODUCT(('Daily Expected'!$A$4:$A$12=$A4)*('Daily Expected'!$C$3:$CP$3>=$C4)*('Daily Expected'!$C$3:$CP$3<=$D4)*(WEEKDAY('Daily Expected'!$C$3:$CP$3,2)<6)*('Daily Expected'!$C$4:$CP$12=0)) -> 5
